IR-GRD C휷IGO v2.3;NOMBRE GRUPO GRD;CDM_COD;CATEGOR페 DIAGN흅TICA MAYOR CDM;TIPO_COD
11011;PH PROCEDIMIENTOS VASCULARES INTRACRANEALES;01;SISTEMA NERVIOSO;PH
11012;PH PROCEDIMIENTOS VASCULARES INTRACRANEALES W/CC;01;SISTEMA NERVIOSO;PH
11013;PH PROCEDIMIENTOS VASCULARES INTRACRANEALES W/MCC;01;SISTEMA NERVIOSO;PH
11101;PH CRANEOTOM페;01;SISTEMA NERVIOSO;PH
11102;PH CRANEOTOM페 W/CC;01;SISTEMA NERVIOSO;PH
11103;PH CRANEOTOM페 W/MCC;01;SISTEMA NERVIOSO;PH
11111;PH PROCEDIMIENTOS DE DERIVACI흁 VENTRICULAR ;01;SISTEMA NERVIOSO;PH
11112;PH PROCEDIMIENTOS DE DERIVACI흁 VENTRICULAR  W/CC;01;SISTEMA NERVIOSO;PH
11113;PH PROCEDIMIENTOS DE DERIVACI흁 VENTRICULAR  W/MCC;01;SISTEMA NERVIOSO;PH
11121;PH PROCEDIMIENTOS VASCULARES EXTRACRANEALES;01;SISTEMA NERVIOSO;PH
11122;PH PROCEDIMIENTOS VASCULARES EXTRACRANEALES W/CC;01;SISTEMA NERVIOSO;PH
11123;PH PROCEDIMIENTOS VASCULARES EXTRACRANEALES W/MCC;01;SISTEMA NERVIOSO;PH
11131;PH LIBERACI흁 DE T＞EL DEL CARPO;01;SISTEMA NERVIOSO;PH
11132;PH LIBERACI흁 DE T＞EL DEL CARPO W/CC;01;SISTEMA NERVIOSO;PH
11201;PH PROCEDIMIENTOS SOBRE NERVIOS CRANEALES Y PERIFRICOS;01;SISTEMA NERVIOSO;PH
11202;PH PROCEDIMIENTOS SOBRE NERVIOS CRANEALES Y PERIFRICOS W/CC;01;SISTEMA NERVIOSO;PH
11203;PH PROCEDIMIENTOS SOBRE NERVIOS CRANEALES Y PERIFRICOS W/MCC;01;SISTEMA NERVIOSO;PH
11301;PH PROCEDIMIENTOS ESPINALES;01;SISTEMA NERVIOSO;PH
11302;PH PROCEDIMIENTOS ESPINALES W/CC;01;SISTEMA NERVIOSO;PH
11303;PH PROCEDIMIENTOS ESPINALES W/MCC;01;SISTEMA NERVIOSO;PH
14101;MH ENFERMEDADES Y TRASTORNOS ESPINALES;01;SISTEMA NERVIOSO;MH
14102;MH ENFERMEDADES Y TRASTORNOS ESPINALES W/CC;01;SISTEMA NERVIOSO;MH
14103;MH ENFERMEDADES Y TRASTORNOS ESPINALES W/MCC;01;SISTEMA NERVIOSO;MH
14111;MH ENFERMEDADES DEGENERATIVAS Y NEOPL쳅ICAS DEL SISTEMA NERVIOSO;01;SISTEMA NERVIOSO;MH
14112;MH ENFERMEDADES DEGENERATIVAS Y NEOPL쳅ICAS DEL SISTEMA NERVIOSO W/CC;01;SISTEMA NERVIOSO;MH
14113;MH ENFERMEDADES DEGENERATIVAS Y NEOPL쳅ICAS DEL SISTEMA NERVIOSO W/MCC;01;SISTEMA NERVIOSO;MH
14121;MH ESCLEROSIS M＜TIPLE Y ATAXIA CEREBELOSA;01;SISTEMA NERVIOSO;MH
14122;MH ESCLEROSIS M＜TIPLE Y ATAXIA CEREBELOSA W/CC;01;SISTEMA NERVIOSO;MH
14123;MH ESCLEROSIS M＜TIPLE Y ATAXIA CEREBELOSA W/MCC;01;SISTEMA NERVIOSO;MH
14131;MH HEMORRAGIA INTRACRANEAL NO TRAUM쳆ICA;01;SISTEMA NERVIOSO;MH
14132;MH HEMORRAGIA INTRACRANEAL NO TRAUM쳆ICA W/CC;01;SISTEMA NERVIOSO;MH
14133;MH HEMORRAGIA INTRACRANEAL NO TRAUM쳆ICA W/MCC;01;SISTEMA NERVIOSO;MH
14141;MH ACCIDENTE CEREBROVASCULAR CON INFARTO;01;SISTEMA NERVIOSO;MH
14142;MH ACCIDENTE CEREBROVASCULAR CON INFARTO W/CC;01;SISTEMA NERVIOSO;MH
14143;MH ACCIDENTE CEREBROVASCULAR CON INFARTO W/MCC;01;SISTEMA NERVIOSO;MH
14151;MH ACVA NO ESPEC펝ICO Y OCLUSI흁 PRECEREBRAL SIN INFARTO;01;SISTEMA NERVIOSO;MH
14152;MH ACVA NO ESPEC펝ICO Y OCLUSI흁 PRECEREBRAL SIN INFARTO W/CC;01;SISTEMA NERVIOSO;MH
14153;MH ACVA NO ESPEC펝ICO Y OCLUSI흁 PRECEREBRAL SIN INFARTO W/MCC;01;SISTEMA NERVIOSO;MH
14161;MH ISQUEMIA TRANSITORIA;01;SISTEMA NERVIOSO;MH
14162;MH ISQUEMIA TRANSITORIA W/CC;01;SISTEMA NERVIOSO;MH
14163;MH ISQUEMIA TRANSITORIA W/MCC;01;SISTEMA NERVIOSO;MH
14171;MH ENFERMEDADES DE NERVIOS CRANEALES Y PERIFRICOS;01;SISTEMA NERVIOSO;MH
14172;MH ENFERMEDADES DE NERVIOS CRANEALES Y PERIFRICOS W/CC;01;SISTEMA NERVIOSO;MH
14173;MH ENFERMEDADES DE NERVIOS CRANEALES Y PERIFRICOS W/MCC;01;SISTEMA NERVIOSO;MH
14181;MH INFECCIONES BACTERIANAS Y TUBERCULOSAS DEL SISTEMA NERVIOSO;01;SISTEMA NERVIOSO;MH
14182;MH INFECCIONES BACTERIANAS Y TUBERCULOSAS DEL SISTEMA NERVIOSO W/CC;01;SISTEMA NERVIOSO;MH
14183;MH INFECCIONES BACTERIANAS Y TUBERCULOSAS DEL SISTEMA NERVIOSO W/MCC;01;SISTEMA NERVIOSO;MH
14191;MH INFECCIONES NO BACTERIANAS DEL SISTEMA NERVIOSO EXC. MENINGITIS VIRAL;01;SISTEMA NERVIOSO;MH
14192;MH INFECCIONES NO BACTERIANAS DEL SISTEMA NERVIOSO EXC. MENINGITIS VIRAL W/CC;01;SISTEMA NERVIOSO;MH
14193;MH INFECCIONES NO BACTERIANAS DEL SISTEMA NERVIOSO EXC. MENINGITIS VIRAL W/MCC;01;SISTEMA NERVIOSO;MH
14201;MH MENINGITIS VIRAL;01;SISTEMA NERVIOSO;MH
14202;MH MENINGITIS VIRAL W/CC;01;SISTEMA NERVIOSO;MH
14203;MH MENINGITIS VIRAL W/MCC;01;SISTEMA NERVIOSO;MH
14211;MH COMA Y ESTUPOR NO TRAUM쳆ICO;01;SISTEMA NERVIOSO;MH
14212;MH COMA Y ESTUPOR NO TRAUM쳆ICO W/CC;01;SISTEMA NERVIOSO;MH
14213;MH COMA Y ESTUPOR NO TRAUM쳆ICO W/MCC;01;SISTEMA NERVIOSO;MH
14221;MH CONVULSIONES;01;SISTEMA NERVIOSO;MH
14222;MH CONVULSIONES W/CC;01;SISTEMA NERVIOSO;MH
14223;MH CONVULSIONES W/MCC;01;SISTEMA NERVIOSO;MH
14231;MH MIGRA헤 Y OTRAS CEFALEAS;01;SISTEMA NERVIOSO;MH
14232;MH MIGRA헤 Y OTRAS CEFALEAS W/CC;01;SISTEMA NERVIOSO;MH
14233;MH MIGRA헤 Y OTRAS CEFALEAS W/MCC;01;SISTEMA NERVIOSO;MH
14241;MH TRAUMATISMO CEF첿ICO;01;SISTEMA NERVIOSO;MH
14242;MH TRAUMATISMO CEF첿ICO W/CC;01;SISTEMA NERVIOSO;MH
14243;MH TRAUMATISMO CEF첿ICO W/MCC;01;SISTEMA NERVIOSO;MH
14251;MH CONMOCI흁 CEREBRAL;01;SISTEMA NERVIOSO;MH
14252;MH CONMOCI흁 CEREBRAL W/CC;01;SISTEMA NERVIOSO;MH
14261;MH OTRAS ENFERMEDADES DEL SISTEMA NERVIOSO;01;SISTEMA NERVIOSO;MH
14262;MH OTRAS ENFERMEDADES DEL SISTEMA NERVIOSO W/CC;01;SISTEMA NERVIOSO;MH
14263;MH OTRAS ENFERMEDADES DEL SISTEMA NERVIOSO W/MCC;01;SISTEMA NERVIOSO;MH
21201;PH PROCEDIMIENTOS SOBRE RBITA Y EXTRAOCULARES;02;ENFERMEDADES Y TRASTORNOS DEL OJO;PH
21202;PH PROCEDIMIENTOS SOBRE RBITA Y EXTRAOCULARES W/CC;02;ENFERMEDADES Y TRASTORNOS DEL OJO;PH
21203;PH PROCEDIMIENTOS SOBRE RBITA Y EXTRAOCULARES W/MCC;02;ENFERMEDADES Y TRASTORNOS DEL OJO;PH
21301;PH PROCEDIMIENTOS INTRAOCULARES Y SOBRE CRISTALINO;02;ENFERMEDADES Y TRASTORNOS DEL OJO;PH
21302;PH PROCEDIMIENTOS INTRAOCULARES Y SOBRE CRISTALINO W/CC;02;ENFERMEDADES Y TRASTORNOS DEL OJO;PH
21303;PH PROCEDIMIENTOS INTRAOCULARES Y SOBRE CRISTALINO W/MCC;02;ENFERMEDADES Y TRASTORNOS DEL OJO;PH
24101;MH INFECCIONES OCULARES MAYORES AGUDAS;02;ENFERMEDADES Y TRASTORNOS DEL OJO;MH
24102;MH INFECCIONES OCULARES MAYORES AGUDAS W/CC;02;ENFERMEDADES Y TRASTORNOS DEL OJO;MH
24103;MH INFECCIONES OCULARES MAYORES AGUDAS W/MCC;02;ENFERMEDADES Y TRASTORNOS DEL OJO;MH
24111;MH ENFERMEDADES OCULARES NEUROL휺ICAS;02;ENFERMEDADES Y TRASTORNOS DEL OJO;MH
24112;MH ENFERMEDADES OCULARES NEUROL휺ICAS W/CC;02;ENFERMEDADES Y TRASTORNOS DEL OJO;MH
24113;MH ENFERMEDADES OCULARES NEUROL휺ICAS W/MCC;02;ENFERMEDADES Y TRASTORNOS DEL OJO;MH
24121;MH OTRAS ENFERMEDADES OCULARES;02;ENFERMEDADES Y TRASTORNOS DEL OJO;MH
24122;MH OTRAS ENFERMEDADES OCULARES W/CC;02;ENFERMEDADES Y TRASTORNOS DEL OJO;MH
24123;MH OTRAS ENFERMEDADES OCULARES W/MCC;02;ENFERMEDADES Y TRASTORNOS DEL OJO;MH
31101;PH PROCEDIMIENTOS MAYORES SOBRE LARINGE;03;ENFERMEDADES Y TRASTORNOS DEL OIDO, NARIZ, BOCA Y FARINGE;PH
31103;PH PROCEDIMIENTOS MAYORES SOBRE LARINGE W/MCC;03;ENFERMEDADES Y TRASTORNOS DEL OIDO, NARIZ, BOCA Y FARINGE;PH
31111;PH OTROS PROCEDIMIENTOS SOBRE CABEZA Y CUELLO COMPLEJOS;03;ENFERMEDADES Y TRASTORNOS DEL OIDO, NARIZ, BOCA Y FARINGE;PH
31112;PH OTROS PROCEDIMIENTOS SOBRE CABEZA Y CUELLO COMPLEJOS W/CC;03;ENFERMEDADES Y TRASTORNOS DEL OIDO, NARIZ, BOCA Y FARINGE;PH
31121;PH PROCEDIMIENTOS SOBRE SENOS Y MASTOIDES;03;ENFERMEDADES Y TRASTORNOS DEL OIDO, NARIZ, BOCA Y FARINGE;PH
31122;PH PROCEDIMIENTOS SOBRE SENOS Y MASTOIDES W/CC;03;ENFERMEDADES Y TRASTORNOS DEL OIDO, NARIZ, BOCA Y FARINGE;PH
31123;PH PROCEDIMIENTOS SOBRE SENOS Y MASTOIDES W/MCC;03;ENFERMEDADES Y TRASTORNOS DEL OIDO, NARIZ, BOCA Y FARINGE;PH
31131;PH PROCEDIMIENTOS SOBRE GL쳁DULAS SALIVARES;03;ENFERMEDADES Y TRASTORNOS DEL OIDO, NARIZ, BOCA Y FARINGE;PH
31132;PH PROCEDIMIENTOS SOBRE GL쳁DULAS SALIVARES W/CC;03;ENFERMEDADES Y TRASTORNOS DEL OIDO, NARIZ, BOCA Y FARINGE;PH
31141;PH REPARACI흁 DE PALADAR Y LABIO HENDIDO ;03;ENFERMEDADES Y TRASTORNOS DEL OIDO, NARIZ, BOCA Y FARINGE;PH
31142;PH REPARACI흁 DE PALADAR Y LABIO HENDIDO  W/CC;03;ENFERMEDADES Y TRASTORNOS DEL OIDO, NARIZ, BOCA Y FARINGE;PH
31151;PH PROCEDIMIENTOS SOBRE AM펞DALAS Y ADENOIDES;03;ENFERMEDADES Y TRASTORNOS DEL OIDO, NARIZ, BOCA Y FARINGE;PH
31152;PH PROCEDIMIENTOS SOBRE AM펞DALAS Y ADENOIDES W/CC;03;ENFERMEDADES Y TRASTORNOS DEL OIDO, NARIZ, BOCA Y FARINGE;PH
31153;PH PROCEDIMIENTOS SOBRE AM펞DALAS Y ADENOIDES W/MCC;03;ENFERMEDADES Y TRASTORNOS DEL OIDO, NARIZ, BOCA Y FARINGE;PH
31201;PH OTROS PROCEDIMIENTOS SOBRE O펛O, NARIZ, BOCA Y GARGANTA;03;ENFERMEDADES Y TRASTORNOS DEL OIDO, NARIZ, BOCA Y FARINGE;PH
31202;PH OTROS PROCEDIMIENTOS SOBRE O펛O, NARIZ, BOCA Y GARGANTA W/CC;03;ENFERMEDADES Y TRASTORNOS DEL OIDO, NARIZ, BOCA Y FARINGE;PH
31203;PH OTROS PROCEDIMIENTOS SOBRE O펛O, NARIZ, BOCA Y GARGANTA W/MCC;03;ENFERMEDADES Y TRASTORNOS DEL OIDO, NARIZ, BOCA Y FARINGE;PH
31301;PH PROCEDIMIENTOS SOBRE BOCA;03;ENFERMEDADES Y TRASTORNOS DEL OIDO, NARIZ, BOCA Y FARINGE;PH
31302;PH PROCEDIMIENTOS SOBRE BOCA W/CC;03;ENFERMEDADES Y TRASTORNOS DEL OIDO, NARIZ, BOCA Y FARINGE;PH
31303;PH PROCEDIMIENTOS SOBRE BOCA W/MCC;03;ENFERMEDADES Y TRASTORNOS DEL OIDO, NARIZ, BOCA Y FARINGE;PH
34101;MH NEOPLASIAS DE O펛O, NARIZ, BOCA Y GARGANTA;03;ENFERMEDADES Y TRASTORNOS DEL OIDO, NARIZ, BOCA Y FARINGE;MH
34102;MH NEOPLASIAS DE O펛O, NARIZ, BOCA Y GARGANTA W/CC;03;ENFERMEDADES Y TRASTORNOS DEL OIDO, NARIZ, BOCA Y FARINGE;MH
34103;MH NEOPLASIAS DE O펛O, NARIZ, BOCA Y GARGANTA W/MCC;03;ENFERMEDADES Y TRASTORNOS DEL OIDO, NARIZ, BOCA Y FARINGE;MH
34111;MH VRTIGO;03;ENFERMEDADES Y TRASTORNOS DEL OIDO, NARIZ, BOCA Y FARINGE;MH
34112;MH VRTIGO W/CC;03;ENFERMEDADES Y TRASTORNOS DEL OIDO, NARIZ, BOCA Y FARINGE;MH
34113;MH VRTIGO W/MCC;03;ENFERMEDADES Y TRASTORNOS DEL OIDO, NARIZ, BOCA Y FARINGE;MH
34121;MH EPISTAXIS;03;ENFERMEDADES Y TRASTORNOS DEL OIDO, NARIZ, BOCA Y FARINGE;MH
34122;MH EPISTAXIS W/CC;03;ENFERMEDADES Y TRASTORNOS DEL OIDO, NARIZ, BOCA Y FARINGE;MH
34123;MH EPISTAXIS W/MCC;03;ENFERMEDADES Y TRASTORNOS DEL OIDO, NARIZ, BOCA Y FARINGE;MH
34131;MH EPIGLOTITIS, OTITIS MEDIA, INFECCIONES TRACTO RESPIRATORIO SUPERIOR Y LARINGOTRAQUEITIS;03;ENFERMEDADES Y TRASTORNOS DEL OIDO, NARIZ, BOCA Y FARINGE;MH
34132;MH EPIGLOTITIS, OTITIS MEDIA, INFECCIONES TRACTO RESPIRATORIO SUPERIOR Y LARINGOTRAQUEITIS W/CC;03;ENFERMEDADES Y TRASTORNOS DEL OIDO, NARIZ, BOCA Y FARINGE;MH
34133;MH EPIGLOTITIS, OTITIS MEDIA, INFECCIONES TRACTO RESPIRATORIO SUPERIOR Y LARINGOTRAQUEITIS W/MCC;03;ENFERMEDADES Y TRASTORNOS DEL OIDO, NARIZ, BOCA Y FARINGE;MH
34141;MH ENFERMEDADES ORALES Y DENTALES;03;ENFERMEDADES Y TRASTORNOS DEL OIDO, NARIZ, BOCA Y FARINGE;MH
34142;MH ENFERMEDADES ORALES Y DENTALES W/CC;03;ENFERMEDADES Y TRASTORNOS DEL OIDO, NARIZ, BOCA Y FARINGE;MH
34143;MH ENFERMEDADES ORALES Y DENTALES W/MCC;03;ENFERMEDADES Y TRASTORNOS DEL OIDO, NARIZ, BOCA Y FARINGE;MH
34151;MH OTROS DIAGN흅TICOS SOBRE O펛O, NARIZ, BOCA Y GARGANTA;03;ENFERMEDADES Y TRASTORNOS DEL OIDO, NARIZ, BOCA Y FARINGE;MH
34152;MH OTROS DIAGN흅TICOS SOBRE O펛O, NARIZ, BOCA Y GARGANTA W/CC;03;ENFERMEDADES Y TRASTORNOS DEL OIDO, NARIZ, BOCA Y FARINGE;MH
34153;MH OTROS DIAGN흅TICOS SOBRE O펛O, NARIZ, BOCA Y GARGANTA W/MCC;03;ENFERMEDADES Y TRASTORNOS DEL OIDO, NARIZ, BOCA Y FARINGE;MH
41011;PH VENTILACI흁 MEC쳁ICA PROLONGADA CON TRAQUEOSTOM페;04;ENFERMEDADES Y TRASTORNOS DEL APARATO RESPIRATORIO;PH
41012;PH VENTILACI흁 MEC쳁ICA PROLONGADA CON TRAQUEOSTOM페 W/CC;04;ENFERMEDADES Y TRASTORNOS DEL APARATO RESPIRATORIO;PH
41013;PH VENTILACI흁 MEC쳁ICA PROLONGADA CON TRAQUEOSTOM페 W/MCC;04;ENFERMEDADES Y TRASTORNOS DEL APARATO RESPIRATORIO;PH
41021;PH VENTILACI흁 MEC쳁ICA PROLONGADA SIN TRAQUEOSTOM페;04;ENFERMEDADES Y TRASTORNOS DEL APARATO RESPIRATORIO;PH
41022;PH VENTILACI흁 MEC쳁ICA PROLONGADA SIN TRAQUEOSTOM페 W/CC;04;ENFERMEDADES Y TRASTORNOS DEL APARATO RESPIRATORIO;PH
41023;PH VENTILACI흁 MEC쳁ICA PROLONGADA SIN TRAQUEOSTOM페 W/MCC;04;ENFERMEDADES Y TRASTORNOS DEL APARATO RESPIRATORIO;PH
41101;PH PROCEDIMIENTOS COMPLEJOS SOBRE APARATO RESPIRATORIO;04;ENFERMEDADES Y TRASTORNOS DEL APARATO RESPIRATORIO;PH
41102;PH PROCEDIMIENTOS COMPLEJOS SOBRE APARATO RESPIRATORIO W/CC;04;ENFERMEDADES Y TRASTORNOS DEL APARATO RESPIRATORIO;PH
41103;PH PROCEDIMIENTOS COMPLEJOS SOBRE APARATO RESPIRATORIO W/MCC;04;ENFERMEDADES Y TRASTORNOS DEL APARATO RESPIRATORIO;PH
41201;PH PROCEDIMIENTOS NO COMPLEJOS SOBRE APARATO RESPIRATORIO;04;ENFERMEDADES Y TRASTORNOS DEL APARATO RESPIRATORIO;PH
41202;PH PROCEDIMIENTOS NO COMPLEJOS SOBRE APARATO RESPIRATORIO W/CC;04;ENFERMEDADES Y TRASTORNOS DEL APARATO RESPIRATORIO;PH
41203;PH PROCEDIMIENTOS NO COMPLEJOS SOBRE APARATO RESPIRATORIO W/MCC;04;ENFERMEDADES Y TRASTORNOS DEL APARATO RESPIRATORIO;PH
41301;PH PROCEDIMIENTOS MODERADAMENTE COMPLEJOS SOBRE APARATO RESPIRATORIO;04;ENFERMEDADES Y TRASTORNOS DEL APARATO RESPIRATORIO;PH
41302;PH PROCEDIMIENTOS MODERADAMENTE COMPLEJOS SOBRE APARATO RESPIRATORIO W/CC;04;ENFERMEDADES Y TRASTORNOS DEL APARATO RESPIRATORIO;PH
41303;PH PROCEDIMIENTOS MODERADAMENTE COMPLEJOS SOBRE APARATO RESPIRATORIO W/MCC;04;ENFERMEDADES Y TRASTORNOS DEL APARATO RESPIRATORIO;PH
44101;MH FIBROSIS QU펩TICA;04;ENFERMEDADES Y TRASTORNOS DEL APARATO RESPIRATORIO;MH
44102;MH FIBROSIS QU펩TICA W/CC;04;ENFERMEDADES Y TRASTORNOS DEL APARATO RESPIRATORIO;MH
44103;MH FIBROSIS QU펩TICA W/MCC;04;ENFERMEDADES Y TRASTORNOS DEL APARATO RESPIRATORIO;MH
44111;MH FALLA RESPIRATORIA;04;ENFERMEDADES Y TRASTORNOS DEL APARATO RESPIRATORIO;MH
44112;MH FALLA RESPIRATORIA W/CC;04;ENFERMEDADES Y TRASTORNOS DEL APARATO RESPIRATORIO;MH
44113;MH FALLA RESPIRATORIA W/MCC;04;ENFERMEDADES Y TRASTORNOS DEL APARATO RESPIRATORIO;MH
44121;MH EMBOLISMO PULMONAR;04;ENFERMEDADES Y TRASTORNOS DEL APARATO RESPIRATORIO;MH
44122;MH EMBOLISMO PULMONAR W/CC;04;ENFERMEDADES Y TRASTORNOS DEL APARATO RESPIRATORIO;MH
44123;MH EMBOLISMO PULMONAR W/MCC;04;ENFERMEDADES Y TRASTORNOS DEL APARATO RESPIRATORIO;MH
44131;MH TRAUMATISMO TOR첶ICO MAYOR;04;ENFERMEDADES Y TRASTORNOS DEL APARATO RESPIRATORIO;MH
44132;MH TRAUMATISMO TOR첶ICO MAYOR W/CC;04;ENFERMEDADES Y TRASTORNOS DEL APARATO RESPIRATORIO;MH
44133;MH TRAUMATISMO TOR첶ICO MAYOR W/MCC;04;ENFERMEDADES Y TRASTORNOS DEL APARATO RESPIRATORIO;MH
44141;MH NEOPLASIAS RESPIRATORIAS;04;ENFERMEDADES Y TRASTORNOS DEL APARATO RESPIRATORIO;MH
44142;MH NEOPLASIAS RESPIRATORIAS W/CC;04;ENFERMEDADES Y TRASTORNOS DEL APARATO RESPIRATORIO;MH
44143;MH NEOPLASIAS RESPIRATORIAS W/MCC;04;ENFERMEDADES Y TRASTORNOS DEL APARATO RESPIRATORIO;MH
44151;MH INFECCIONES E INFLAMACIONES RESPIRATORIAS;04;ENFERMEDADES Y TRASTORNOS DEL APARATO RESPIRATORIO;MH
44152;MH INFECCIONES E INFLAMACIONES RESPIRATORIAS W/CC;04;ENFERMEDADES Y TRASTORNOS DEL APARATO RESPIRATORIO;MH
44153;MH INFECCIONES E INFLAMACIONES RESPIRATORIAS W/MCC;04;ENFERMEDADES Y TRASTORNOS DEL APARATO RESPIRATORIO;MH
44161;MH NEUMON페 SIMPLE Y TOS FERINA;04;ENFERMEDADES Y TRASTORNOS DEL APARATO RESPIRATORIO;MH
44162;MH NEUMON페 SIMPLE Y TOS FERINA W/CC;04;ENFERMEDADES Y TRASTORNOS DEL APARATO RESPIRATORIO;MH
44163;MH NEUMON페 SIMPLE Y TOS FERINA W/MCC;04;ENFERMEDADES Y TRASTORNOS DEL APARATO RESPIRATORIO;MH
44171;MH ENFERMEDAD PULMONAR OBSTRUCTIVA CR흁ICA;04;ENFERMEDADES Y TRASTORNOS DEL APARATO RESPIRATORIO;MH
44172;MH ENFERMEDAD PULMONAR OBSTRUCTIVA CR흁ICA W/CC;04;ENFERMEDADES Y TRASTORNOS DEL APARATO RESPIRATORIO;MH
44173;MH ENFERMEDAD PULMONAR OBSTRUCTIVA CR흁ICA W/MCC;04;ENFERMEDADES Y TRASTORNOS DEL APARATO RESPIRATORIO;MH
44181;MH BRONQUIOLITIS Y ASMA;04;ENFERMEDADES Y TRASTORNOS DEL APARATO RESPIRATORIO;MH
44182;MH BRONQUIOLITIS Y ASMA W/CC;04;ENFERMEDADES Y TRASTORNOS DEL APARATO RESPIRATORIO;MH
44183;MH BRONQUIOLITIS Y ASMA W/MCC;04;ENFERMEDADES Y TRASTORNOS DEL APARATO RESPIRATORIO;MH
44191;MH ENFERMEDAD PULMONAR INTERSTICIAL;04;ENFERMEDADES Y TRASTORNOS DEL APARATO RESPIRATORIO;MH
44192;MH ENFERMEDAD PULMONAR INTERSTICIAL W/CC;04;ENFERMEDADES Y TRASTORNOS DEL APARATO RESPIRATORIO;MH
44193;MH ENFERMEDAD PULMONAR INTERSTICIAL W/MCC;04;ENFERMEDADES Y TRASTORNOS DEL APARATO RESPIRATORIO;MH
44201;MH DERRAME PLEURAL Y NEUMOTRAX;04;ENFERMEDADES Y TRASTORNOS DEL APARATO RESPIRATORIO;MH
44202;MH DERRAME PLEURAL Y NEUMOTRAX W/CC;04;ENFERMEDADES Y TRASTORNOS DEL APARATO RESPIRATORIO;MH
44203;MH DERRAME PLEURAL Y NEUMOTRAX W/MCC;04;ENFERMEDADES Y TRASTORNOS DEL APARATO RESPIRATORIO;MH
44211;MH OTROS SIGNOS, S펥TOMAS Y DIAGN흅TICOS DE APARATO RESPIRATORIO;04;ENFERMEDADES Y TRASTORNOS DEL APARATO RESPIRATORIO;MH
44212;MH OTROS SIGNOS, S펥TOMAS Y DIAGN흅TICOS DE APARATO RESPIRATORIO W/CC;04;ENFERMEDADES Y TRASTORNOS DEL APARATO RESPIRATORIO;MH
44213;MH OTROS SIGNOS, S펥TOMAS Y DIAGN흅TICOS DE APARATO RESPIRATORIO W/MCC;04;ENFERMEDADES Y TRASTORNOS DEL APARATO RESPIRATORIO;MH
51013;PH TRASPLANTE CARDIACO Y/O PULMONAR W/MCC;05;ENFERMEDADES Y TRASTORNOS DEL APARATO CIRCULATORIO;PH
51021;PH PROCEDIMIENTOS SOBRE V첿VULAS CARDIACAS CON CATETERISMO CARDIACO;05;ENFERMEDADES Y TRASTORNOS DEL APARATO CIRCULATORIO;PH
51022;PH PROCEDIMIENTOS SOBRE V첿VULAS CARDIACAS CON CATETERISMO CARDIACO W/CC;05;ENFERMEDADES Y TRASTORNOS DEL APARATO CIRCULATORIO;PH
51023;PH PROCEDIMIENTOS SOBRE V첿VULAS CARDIACAS CON CATETERISMO CARDIACO W/MCC;05;ENFERMEDADES Y TRASTORNOS DEL APARATO CIRCULATORIO;PH
51031;PH REPARACI흁 CARDIOTOR첶ICA COMPLEJA DE ANOMAL페 CARDIACA;05;ENFERMEDADES Y TRASTORNOS DEL APARATO CIRCULATORIO;PH
51032;PH REPARACI흁 CARDIOTOR첶ICA COMPLEJA DE ANOMAL페 CARDIACA W/CC;05;ENFERMEDADES Y TRASTORNOS DEL APARATO CIRCULATORIO;PH
51033;PH REPARACI흁 CARDIOTOR첶ICA COMPLEJA DE ANOMAL페 CARDIACA W/MCC;05;ENFERMEDADES Y TRASTORNOS DEL APARATO CIRCULATORIO;PH
51041;PH PROCEDIMIENTOS SOBRE V첿VULAS CARDIACAS SIN CATETERISMO CARDIACO;05;ENFERMEDADES Y TRASTORNOS DEL APARATO CIRCULATORIO;PH
51042;PH PROCEDIMIENTOS SOBRE V첿VULAS CARDIACAS SIN CATETERISMO CARDIACO W/CC;05;ENFERMEDADES Y TRASTORNOS DEL APARATO CIRCULATORIO;PH
51043;PH PROCEDIMIENTOS SOBRE V첿VULAS CARDIACAS SIN CATETERISMO CARDIACO W/MCC;05;ENFERMEDADES Y TRASTORNOS DEL APARATO CIRCULATORIO;PH
51051;PH DERIVACI흁 AORTOCORONARIA CON CATETERISMO CARDIACO;05;ENFERMEDADES Y TRASTORNOS DEL APARATO CIRCULATORIO;PH
51052;PH DERIVACI흁 AORTOCORONARIA CON CATETERISMO CARDIACO W/CC;05;ENFERMEDADES Y TRASTORNOS DEL APARATO CIRCULATORIO;PH
51053;PH DERIVACI흁 AORTOCORONARIA CON CATETERISMO CARDIACO W/MCC;05;ENFERMEDADES Y TRASTORNOS DEL APARATO CIRCULATORIO;PH
51061;PH OTROS PROCEDIMIENTOS CARDIOTOR첶ICOS;05;ENFERMEDADES Y TRASTORNOS DEL APARATO CIRCULATORIO;PH
51062;PH OTROS PROCEDIMIENTOS CARDIOTOR첶ICOS W/CC;05;ENFERMEDADES Y TRASTORNOS DEL APARATO CIRCULATORIO;PH
51063;PH OTROS PROCEDIMIENTOS CARDIOTOR첶ICOS W/MCC;05;ENFERMEDADES Y TRASTORNOS DEL APARATO CIRCULATORIO;PH
51071;PH DERIVACI흁 AORTOCORONARIA SIN CATETERISMO CARDIACO;05;ENFERMEDADES Y TRASTORNOS DEL APARATO CIRCULATORIO;PH
51072;PH DERIVACI흁 AORTOCORONARIA SIN CATETERISMO CARDIACO W/CC;05;ENFERMEDADES Y TRASTORNOS DEL APARATO CIRCULATORIO;PH
51073;PH DERIVACI흁 AORTOCORONARIA SIN CATETERISMO CARDIACO W/MCC;05;ENFERMEDADES Y TRASTORNOS DEL APARATO CIRCULATORIO;PH
51111;PH INSERCI흁 DE DESFIBRILADOR CARDIACO Y SISTEMA DE ASISTENCIA CARDIACA;05;ENFERMEDADES Y TRASTORNOS DEL APARATO CIRCULATORIO;PH
51112;PH INSERCI흁 DE DESFIBRILADOR CARDIACO Y SISTEMA DE ASISTENCIA CARDIACA W/CC;05;ENFERMEDADES Y TRASTORNOS DEL APARATO CIRCULATORIO;PH
51113;PH INSERCI흁 DE DESFIBRILADOR CARDIACO Y SISTEMA DE ASISTENCIA CARDIACA W/MCC;05;ENFERMEDADES Y TRASTORNOS DEL APARATO CIRCULATORIO;PH
51121;PH PROCEDIMIENTOS VASCULARES TOR첶ICOS COMPLEJOS;05;ENFERMEDADES Y TRASTORNOS DEL APARATO CIRCULATORIO;PH
51122;PH PROCEDIMIENTOS VASCULARES TOR첶ICOS COMPLEJOS W/CC;05;ENFERMEDADES Y TRASTORNOS DEL APARATO CIRCULATORIO;PH
51123;PH PROCEDIMIENTOS VASCULARES TOR첶ICOS COMPLEJOS W/MCC;05;ENFERMEDADES Y TRASTORNOS DEL APARATO CIRCULATORIO;PH
51131;PH PROCEDIMIENTOS VASCULARES ABDOMINALES COMPLEJOS;05;ENFERMEDADES Y TRASTORNOS DEL APARATO CIRCULATORIO;PH
51132;PH PROCEDIMIENTOS VASCULARES ABDOMINALES COMPLEJOS W/CC;05;ENFERMEDADES Y TRASTORNOS DEL APARATO CIRCULATORIO;PH
51133;PH PROCEDIMIENTOS VASCULARES ABDOMINALES COMPLEJOS W/MCC;05;ENFERMEDADES Y TRASTORNOS DEL APARATO CIRCULATORIO;PH
51141;PH INSERCI흁 DE MARCAPASOS CARDIACO PERMANENTE;05;ENFERMEDADES Y TRASTORNOS DEL APARATO CIRCULATORIO;PH
51142;PH INSERCI흁 DE MARCAPASOS CARDIACO PERMANENTE W/CC;05;ENFERMEDADES Y TRASTORNOS DEL APARATO CIRCULATORIO;PH
51143;PH INSERCI흁 DE MARCAPASOS CARDIACO PERMANENTE W/MCC;05;ENFERMEDADES Y TRASTORNOS DEL APARATO CIRCULATORIO;PH
51151;PH CATETERISMO CARDIACO;05;ENFERMEDADES Y TRASTORNOS DEL APARATO CIRCULATORIO;PH
51152;PH CATETERISMO CARDIACO W/CC;05;ENFERMEDADES Y TRASTORNOS DEL APARATO CIRCULATORIO;PH
51153;PH CATETERISMO CARDIACO W/MCC;05;ENFERMEDADES Y TRASTORNOS DEL APARATO CIRCULATORIO;PH
51161;PH REVISI흁 DE MARCAPASOS CARDIACO Y DESFIBRILADOR EXCEPTO SUSTITUCI흁 GENERADOR;05;ENFERMEDADES Y TRASTORNOS DEL APARATO CIRCULATORIO;PH
51162;PH REVISI흁 DE MARCAPASOS CARDIACO Y DESFIBRILADOR EXCEPTO SUSTITUCI흁 GENERADOR W/CC;05;ENFERMEDADES Y TRASTORNOS DEL APARATO CIRCULATORIO;PH
51163;PH REVISI흁 DE MARCAPASOS CARDIACO Y DESFIBRILADOR EXCEPTO SUSTITUCI흁 GENERADOR W/MCC;05;ENFERMEDADES Y TRASTORNOS DEL APARATO CIRCULATORIO;PH
51171;PH LIGADURA Y EXTIRPACI흁 DE VENAS VARICOSAS;05;ENFERMEDADES Y TRASTORNOS DEL APARATO CIRCULATORIO;PH
51172;PH LIGADURA Y EXTIRPACI흁 DE VENAS VARICOSAS W/CC;05;ENFERMEDADES Y TRASTORNOS DEL APARATO CIRCULATORIO;PH
51173;PH LIGADURA Y EXTIRPACI흁 DE VENAS VARICOSAS W/MCC;05;ENFERMEDADES Y TRASTORNOS DEL APARATO CIRCULATORIO;PH
51201;PH OTROS PROCEDIMIENTOS SOBRE APARATO CIRCULATORIO;05;ENFERMEDADES Y TRASTORNOS DEL APARATO CIRCULATORIO;PH
51202;PH OTROS PROCEDIMIENTOS SOBRE APARATO CIRCULATORIO W/CC;05;ENFERMEDADES Y TRASTORNOS DEL APARATO CIRCULATORIO;PH
51203;PH OTROS PROCEDIMIENTOS SOBRE APARATO CIRCULATORIO W/MCC;05;ENFERMEDADES Y TRASTORNOS DEL APARATO CIRCULATORIO;PH
51301;PH SUSTITUCI흁 DE GENERADOR DE DESFIBRILADOR Y MARCAPASOS CARDIACO;05;ENFERMEDADES Y TRASTORNOS DEL APARATO CIRCULATORIO;PH
51302;PH SUSTITUCI흁 DE GENERADOR DE DESFIBRILADOR Y MARCAPASOS CARDIACO W/CC;05;ENFERMEDADES Y TRASTORNOS DEL APARATO CIRCULATORIO;PH
51303;PH SUSTITUCI흁 DE GENERADOR DE DESFIBRILADOR Y MARCAPASOS CARDIACO W/MCC;05;ENFERMEDADES Y TRASTORNOS DEL APARATO CIRCULATORIO;PH
51401;PH PROCEDIMIENTOS CARDIOVASCULARES PERCUT쳁EOS;05;ENFERMEDADES Y TRASTORNOS DEL APARATO CIRCULATORIO;PH
51402;PH PROCEDIMIENTOS CARDIOVASCULARES PERCUT쳁EOS W/CC;05;ENFERMEDADES Y TRASTORNOS DEL APARATO CIRCULATORIO;PH
51403;PH PROCEDIMIENTOS CARDIOVASCULARES PERCUT쳁EOS W/MCC;05;ENFERMEDADES Y TRASTORNOS DEL APARATO CIRCULATORIO;PH
54101;MH INFARTO AGUDO DE MIOCARDIO;05;ENFERMEDADES Y TRASTORNOS DEL APARATO CIRCULATORIO;MH
54102;MH INFARTO AGUDO DE MIOCARDIO W/CC;05;ENFERMEDADES Y TRASTORNOS DEL APARATO CIRCULATORIO;MH
54103;MH INFARTO AGUDO DE MIOCARDIO W/MCC;05;ENFERMEDADES Y TRASTORNOS DEL APARATO CIRCULATORIO;MH
54111;MH ENDOCARDITIS AGUDA Y SUBAGUDA;05;ENFERMEDADES Y TRASTORNOS DEL APARATO CIRCULATORIO;MH
54112;MH ENDOCARDITIS AGUDA Y SUBAGUDA W/CC;05;ENFERMEDADES Y TRASTORNOS DEL APARATO CIRCULATORIO;MH
54113;MH ENDOCARDITIS AGUDA Y SUBAGUDA W/MCC;05;ENFERMEDADES Y TRASTORNOS DEL APARATO CIRCULATORIO;MH
54121;MH INSUFICIENCIA CARDIACA;05;ENFERMEDADES Y TRASTORNOS DEL APARATO CIRCULATORIO;MH
54122;MH INSUFICIENCIA CARDIACA W/CC;05;ENFERMEDADES Y TRASTORNOS DEL APARATO CIRCULATORIO;MH
54123;MH INSUFICIENCIA CARDIACA W/MCC;05;ENFERMEDADES Y TRASTORNOS DEL APARATO CIRCULATORIO;MH
54131;MH TROMBOFLEBITIS VENOSA PROFUNDA;05;ENFERMEDADES Y TRASTORNOS DEL APARATO CIRCULATORIO;MH
54132;MH TROMBOFLEBITIS VENOSA PROFUNDA W/CC;05;ENFERMEDADES Y TRASTORNOS DEL APARATO CIRCULATORIO;MH
54133;MH TROMBOFLEBITIS VENOSA PROFUNDA W/MCC;05;ENFERMEDADES Y TRASTORNOS DEL APARATO CIRCULATORIO;MH
54141;MH PARO CARDIACO SIN EXPLICACI흁;05;ENFERMEDADES Y TRASTORNOS DEL APARATO CIRCULATORIO;MH
54142;MH PARO CARDIACO SIN EXPLICACI흁 W/CC;05;ENFERMEDADES Y TRASTORNOS DEL APARATO CIRCULATORIO;MH
54143;MH PARO CARDIACO SIN EXPLICACI흁 W/MCC;05;ENFERMEDADES Y TRASTORNOS DEL APARATO CIRCULATORIO;MH
54151;MH OTRAS ENFERMEDADES VASCULARES Y PERIFRICAS;05;ENFERMEDADES Y TRASTORNOS DEL APARATO CIRCULATORIO;MH
54152;MH OTRAS ENFERMEDADES VASCULARES Y PERIFRICAS W/CC;05;ENFERMEDADES Y TRASTORNOS DEL APARATO CIRCULATORIO;MH
54153;MH OTRAS ENFERMEDADES VASCULARES Y PERIFRICAS W/MCC;05;ENFERMEDADES Y TRASTORNOS DEL APARATO CIRCULATORIO;MH
54161;MH ATEROSCLEROSIS;05;ENFERMEDADES Y TRASTORNOS DEL APARATO CIRCULATORIO;MH
54162;MH ATEROSCLEROSIS W/CC;05;ENFERMEDADES Y TRASTORNOS DEL APARATO CIRCULATORIO;MH
54163;MH ATEROSCLEROSIS W/MCC;05;ENFERMEDADES Y TRASTORNOS DEL APARATO CIRCULATORIO;MH
54171;MH HIPERTENSI흁;05;ENFERMEDADES Y TRASTORNOS DEL APARATO CIRCULATORIO;MH
54172;MH HIPERTENSI흁 W/CC;05;ENFERMEDADES Y TRASTORNOS DEL APARATO CIRCULATORIO;MH
54173;MH HIPERTENSI흁 W/MCC;05;ENFERMEDADES Y TRASTORNOS DEL APARATO CIRCULATORIO;MH
54181;MH ENFERMEDADES CARDIACAS CONG텙ITAS Y VALVULARES;05;ENFERMEDADES Y TRASTORNOS DEL APARATO CIRCULATORIO;MH
54182;MH ENFERMEDADES CARDIACAS CONG텙ITAS Y VALVULARES W/CC;05;ENFERMEDADES Y TRASTORNOS DEL APARATO CIRCULATORIO;MH
54183;MH ENFERMEDADES CARDIACAS CONG텙ITAS Y VALVULARES W/MCC;05;ENFERMEDADES Y TRASTORNOS DEL APARATO CIRCULATORIO;MH
54191;MH TRASTORNOS DE LA CONDUCCI흁 Y ARRITMIAS CARDIACAS;05;ENFERMEDADES Y TRASTORNOS DEL APARATO CIRCULATORIO;MH
54192;MH TRASTORNOS DE LA CONDUCCI흁 Y ARRITMIAS CARDIACAS W/CC;05;ENFERMEDADES Y TRASTORNOS DEL APARATO CIRCULATORIO;MH
54193;MH TRASTORNOS DE LA CONDUCCI흁 Y ARRITMIAS CARDIACAS W/MCC;05;ENFERMEDADES Y TRASTORNOS DEL APARATO CIRCULATORIO;MH
54201;MH DOLOR TOR첶ICO Y ANGINA DE PECHO;05;ENFERMEDADES Y TRASTORNOS DEL APARATO CIRCULATORIO;MH
54202;MH DOLOR TOR첶ICO Y ANGINA DE PECHO W/CC;05;ENFERMEDADES Y TRASTORNOS DEL APARATO CIRCULATORIO;MH
54203;MH DOLOR TOR첶ICO Y ANGINA DE PECHO W/MCC;05;ENFERMEDADES Y TRASTORNOS DEL APARATO CIRCULATORIO;MH
54211;MH S펥COPE Y COLAPSO;05;ENFERMEDADES Y TRASTORNOS DEL APARATO CIRCULATORIO;MH
54212;MH S펥COPE Y COLAPSO W/CC;05;ENFERMEDADES Y TRASTORNOS DEL APARATO CIRCULATORIO;MH
54213;MH S펥COPE Y COLAPSO W/MCC;05;ENFERMEDADES Y TRASTORNOS DEL APARATO CIRCULATORIO;MH
54221;MH MIOCARDIOPAT페;05;ENFERMEDADES Y TRASTORNOS DEL APARATO CIRCULATORIO;MH
54222;MH MIOCARDIOPAT페 W/CC;05;ENFERMEDADES Y TRASTORNOS DEL APARATO CIRCULATORIO;MH
54223;MH MIOCARDIOPAT페 W/MCC;05;ENFERMEDADES Y TRASTORNOS DEL APARATO CIRCULATORIO;MH
54231;MH COMPLICACI흁, DISFUNCI흁 O REACCI흁 DE DISPOSITIVO O TRAS PROCEDIMIENTO CARDIOVASCULAR;05;ENFERMEDADES Y TRASTORNOS DEL APARATO CIRCULATORIO;MH
54232;MH COMPLICACI흁, DISFUNCI흁 O REACCI흁 DE DISPOSITIVO O TRAS PROCEDIMIENTO CARDIOVASCULAR W/CC;05;ENFERMEDADES Y TRASTORNOS DEL APARATO CIRCULATORIO;MH
54233;MH COMPLICACI흁, DISFUNCI흁 O REACCI흁 DE DISPOSITIVO O TRAS PROCEDIMIENTO CARDIOVASCULAR W/MCC;05;ENFERMEDADES Y TRASTORNOS DEL APARATO CIRCULATORIO;MH
54241;MH OTROS DIAGN흅TICOS DE APARATO CIRCULATORIO;05;ENFERMEDADES Y TRASTORNOS DEL APARATO CIRCULATORIO;MH
54242;MH OTROS DIAGN흅TICOS DE APARATO CIRCULATORIO W/CC;05;ENFERMEDADES Y TRASTORNOS DEL APARATO CIRCULATORIO;MH
54243;MH OTROS DIAGN흅TICOS DE APARATO CIRCULATORIO W/MCC;05;ENFERMEDADES Y TRASTORNOS DEL APARATO CIRCULATORIO;MH
61101;PH PROCEDIMIENTOS SOBRE INTESTINO DELGADO O GRUESO NO COMPLEJOS;06;ENFERMEDADES Y TRASTORNOS DEL APARATO DIGESTIVO;PH
61102;PH PROCEDIMIENTOS SOBRE INTESTINO DELGADO O GRUESO NO COMPLEJOS W/CC;06;ENFERMEDADES Y TRASTORNOS DEL APARATO DIGESTIVO;PH
61103;PH PROCEDIMIENTOS SOBRE INTESTINO DELGADO O GRUESO NO COMPLEJOS W/MCC;06;ENFERMEDADES Y TRASTORNOS DEL APARATO DIGESTIVO;PH
61111;PH LISIS DE ADHERENCIAS PERITONEALES;06;ENFERMEDADES Y TRASTORNOS DEL APARATO DIGESTIVO;PH
61112;PH LISIS DE ADHERENCIAS PERITONEALES W/CC;06;ENFERMEDADES Y TRASTORNOS DEL APARATO DIGESTIVO;PH
61113;PH LISIS DE ADHERENCIAS PERITONEALES W/MCC;06;ENFERMEDADES Y TRASTORNOS DEL APARATO DIGESTIVO;PH
61121;PH PROCEDIMIENTOS SOBRE HERNIA EXCEPTO INGUINAL Y FEMORAL;06;ENFERMEDADES Y TRASTORNOS DEL APARATO DIGESTIVO;PH
61122;PH PROCEDIMIENTOS SOBRE HERNIA EXCEPTO INGUINAL Y FEMORAL W/CC;06;ENFERMEDADES Y TRASTORNOS DEL APARATO DIGESTIVO;PH
61123;PH PROCEDIMIENTOS SOBRE HERNIA EXCEPTO INGUINAL Y FEMORAL W/MCC;06;ENFERMEDADES Y TRASTORNOS DEL APARATO DIGESTIVO;PH
61131;PH PROCEDIMIENTOS SOBRE AP텙DICE;06;ENFERMEDADES Y TRASTORNOS DEL APARATO DIGESTIVO;PH
61132;PH PROCEDIMIENTOS SOBRE AP텙DICE W/CC;06;ENFERMEDADES Y TRASTORNOS DEL APARATO DIGESTIVO;PH
61133;PH PROCEDIMIENTOS SOBRE AP텙DICE W/MCC;06;ENFERMEDADES Y TRASTORNOS DEL APARATO DIGESTIVO;PH
61141;PH PROCEDIMIENTOS SOBRE HERNIA INGUINAL Y FEMORAL;06;ENFERMEDADES Y TRASTORNOS DEL APARATO DIGESTIVO;PH
61142;PH PROCEDIMIENTOS SOBRE HERNIA INGUINAL Y FEMORAL W/CC;06;ENFERMEDADES Y TRASTORNOS DEL APARATO DIGESTIVO;PH
61143;PH PROCEDIMIENTOS SOBRE HERNIA INGUINAL Y FEMORAL W/MCC;06;ENFERMEDADES Y TRASTORNOS DEL APARATO DIGESTIVO;PH
61201;PH PROCEDIMIENTOS COMPLEJOS DEL TRACTO DIGESTIVO;06;ENFERMEDADES Y TRASTORNOS DEL APARATO DIGESTIVO;PH
61202;PH PROCEDIMIENTOS COMPLEJOS DEL TRACTO DIGESTIVO W/CC;06;ENFERMEDADES Y TRASTORNOS DEL APARATO DIGESTIVO;PH
61203;PH PROCEDIMIENTOS COMPLEJOS DEL TRACTO DIGESTIVO W/MCC;06;ENFERMEDADES Y TRASTORNOS DEL APARATO DIGESTIVO;PH
61301;PH PROCEDIMIENTOS SOBRE EST흀AGO, ES휹AGO Y DUODENO NO COMPLEJOS;06;ENFERMEDADES Y TRASTORNOS DEL APARATO DIGESTIVO;PH
61302;PH PROCEDIMIENTOS SOBRE EST흀AGO, ES휹AGO Y DUODENO NO COMPLEJOS W/CC;06;ENFERMEDADES Y TRASTORNOS DEL APARATO DIGESTIVO;PH
61303;PH PROCEDIMIENTOS SOBRE EST흀AGO, ES휹AGO Y DUODENO NO COMPLEJOS W/MCC;06;ENFERMEDADES Y TRASTORNOS DEL APARATO DIGESTIVO;PH
61401;PH OTROS PROCEDIMIENTOS SOBRE APARATO DIGESTIVO;06;ENFERMEDADES Y TRASTORNOS DEL APARATO DIGESTIVO;PH
61402;PH OTROS PROCEDIMIENTOS SOBRE APARATO DIGESTIVO W/CC;06;ENFERMEDADES Y TRASTORNOS DEL APARATO DIGESTIVO;PH
61403;PH OTROS PROCEDIMIENTOS SOBRE APARATO DIGESTIVO W/MCC;06;ENFERMEDADES Y TRASTORNOS DEL APARATO DIGESTIVO;PH
61501;PH PROCEDIMIENTOS SOBRE ANO;06;ENFERMEDADES Y TRASTORNOS DEL APARATO DIGESTIVO;PH
61502;PH PROCEDIMIENTOS SOBRE ANO W/CC;06;ENFERMEDADES Y TRASTORNOS DEL APARATO DIGESTIVO;PH
61503;PH PROCEDIMIENTOS SOBRE ANO W/MCC;06;ENFERMEDADES Y TRASTORNOS DEL APARATO DIGESTIVO;PH
64101;MH NEOPLASIAS DIGESTIVAS;06;ENFERMEDADES Y TRASTORNOS DEL APARATO DIGESTIVO;MH
64102;MH NEOPLASIAS DIGESTIVAS W/CC;06;ENFERMEDADES Y TRASTORNOS DEL APARATO DIGESTIVO;MH
64103;MH NEOPLASIAS DIGESTIVAS W/MCC;06;ENFERMEDADES Y TRASTORNOS DEL APARATO DIGESTIVO;MH
64111;MH GASTRITIS Y ＜CERA P텛TICA;06;ENFERMEDADES Y TRASTORNOS DEL APARATO DIGESTIVO;MH
64112;MH GASTRITIS Y ＜CERA P텛TICA W/CC;06;ENFERMEDADES Y TRASTORNOS DEL APARATO DIGESTIVO;MH
64113;MH GASTRITIS Y ＜CERA P텛TICA W/MCC;06;ENFERMEDADES Y TRASTORNOS DEL APARATO DIGESTIVO;MH
64121;MH ENFERMEDADES ESOF첺ICAS;06;ENFERMEDADES Y TRASTORNOS DEL APARATO DIGESTIVO;MH
64122;MH ENFERMEDADES ESOF첺ICAS W/CC;06;ENFERMEDADES Y TRASTORNOS DEL APARATO DIGESTIVO;MH
64123;MH ENFERMEDADES ESOF첺ICAS W/MCC;06;ENFERMEDADES Y TRASTORNOS DEL APARATO DIGESTIVO;MH
64131;MH DIVERTICULITIS, DIVERTICULOSIS Y ENFERMEDAD INFLAMATORIA INTESTINAL;06;ENFERMEDADES Y TRASTORNOS DEL APARATO DIGESTIVO;MH
64132;MH DIVERTICULITIS, DIVERTICULOSIS Y ENFERMEDAD INFLAMATORIA INTESTINAL W/CC;06;ENFERMEDADES Y TRASTORNOS DEL APARATO DIGESTIVO;MH
64133;MH DIVERTICULITIS, DIVERTICULOSIS Y ENFERMEDAD INFLAMATORIA INTESTINAL W/MCC;06;ENFERMEDADES Y TRASTORNOS DEL APARATO DIGESTIVO;MH
64141;MH INSUFICIENCIA VASCULAR GASTROINTESTINAL;06;ENFERMEDADES Y TRASTORNOS DEL APARATO DIGESTIVO;MH
64142;MH INSUFICIENCIA VASCULAR GASTROINTESTINAL W/CC;06;ENFERMEDADES Y TRASTORNOS DEL APARATO DIGESTIVO;MH
64143;MH INSUFICIENCIA VASCULAR GASTROINTESTINAL W/MCC;06;ENFERMEDADES Y TRASTORNOS DEL APARATO DIGESTIVO;MH
64151;MH OBSTRUCCI흁 GASTROINTESTINAL;06;ENFERMEDADES Y TRASTORNOS DEL APARATO DIGESTIVO;MH
64152;MH OBSTRUCCI흁 GASTROINTESTINAL W/CC;06;ENFERMEDADES Y TRASTORNOS DEL APARATO DIGESTIVO;MH
64153;MH OBSTRUCCI흁 GASTROINTESTINAL W/MCC;06;ENFERMEDADES Y TRASTORNOS DEL APARATO DIGESTIVO;MH
64161;MH INFECCIONES GASTROINTESTINALES MAYORES;06;ENFERMEDADES Y TRASTORNOS DEL APARATO DIGESTIVO;MH
64162;MH INFECCIONES GASTROINTESTINALES MAYORES W/CC;06;ENFERMEDADES Y TRASTORNOS DEL APARATO DIGESTIVO;MH
64163;MH INFECCIONES GASTROINTESTINALES MAYORES W/MCC;06;ENFERMEDADES Y TRASTORNOS DEL APARATO DIGESTIVO;MH
64171;MH DOLOR ABDOMINAL Y OTRAS GASTROENTERITIS;06;ENFERMEDADES Y TRASTORNOS DEL APARATO DIGESTIVO;MH
64172;MH DOLOR ABDOMINAL Y OTRAS GASTROENTERITIS W/CC;06;ENFERMEDADES Y TRASTORNOS DEL APARATO DIGESTIVO;MH
64173;MH DOLOR ABDOMINAL Y OTRAS GASTROENTERITIS W/MCC;06;ENFERMEDADES Y TRASTORNOS DEL APARATO DIGESTIVO;MH
64181;MH OTROS DIAGN흅TICOS SOBRE APARATO DIGESTIVO;06;ENFERMEDADES Y TRASTORNOS DEL APARATO DIGESTIVO;MH
64182;MH OTROS DIAGN흅TICOS SOBRE APARATO DIGESTIVO W/CC;06;ENFERMEDADES Y TRASTORNOS DEL APARATO DIGESTIVO;MH
64183;MH OTROS DIAGN흅TICOS SOBRE APARATO DIGESTIVO W/MCC;06;ENFERMEDADES Y TRASTORNOS DEL APARATO DIGESTIVO;MH
71013;PH TRASPLANTE HEP쳆ICO W/MCC;07;ENFERMEDADES Y TRASTORNOS DEL H펞ADO, SISTEMA BILIAR Y P쳁CREAS;PH
71101;PH PROCEDIMIENTOS SOBRE P쳁CREAS E H펞ADO;07;ENFERMEDADES Y TRASTORNOS DEL H펞ADO, SISTEMA BILIAR Y P쳁CREAS;PH
71102;PH PROCEDIMIENTOS SOBRE P쳁CREAS E H펞ADO W/CC;07;ENFERMEDADES Y TRASTORNOS DEL H펞ADO, SISTEMA BILIAR Y P쳁CREAS;PH
71103;PH PROCEDIMIENTOS SOBRE P쳁CREAS E H펞ADO W/MCC;07;ENFERMEDADES Y TRASTORNOS DEL H펞ADO, SISTEMA BILIAR Y P쳁CREAS;PH
71111;PH PROCEDIMIENTOS COMPLEJOS SOBRE SISTEMA BILIAR;07;ENFERMEDADES Y TRASTORNOS DEL H펞ADO, SISTEMA BILIAR Y P쳁CREAS;PH
71112;PH PROCEDIMIENTOS COMPLEJOS SOBRE SISTEMA BILIAR W/CC;07;ENFERMEDADES Y TRASTORNOS DEL H펞ADO, SISTEMA BILIAR Y P쳁CREAS;PH
71113;PH PROCEDIMIENTOS COMPLEJOS SOBRE SISTEMA BILIAR W/MCC;07;ENFERMEDADES Y TRASTORNOS DEL H펞ADO, SISTEMA BILIAR Y P쳁CREAS;PH
71121;PH COLECISTECTOM페 EXCEPTO LAPAROSC흃ICA;07;ENFERMEDADES Y TRASTORNOS DEL H펞ADO, SISTEMA BILIAR Y P쳁CREAS;PH
71122;PH COLECISTECTOM페 EXCEPTO LAPAROSC흃ICA W/CC;07;ENFERMEDADES Y TRASTORNOS DEL H펞ADO, SISTEMA BILIAR Y P쳁CREAS;PH
71123;PH COLECISTECTOM페 EXCEPTO LAPAROSC흃ICA W/MCC;07;ENFERMEDADES Y TRASTORNOS DEL H펞ADO, SISTEMA BILIAR Y P쳁CREAS;PH
71131;PH OTROS PROCEDIMIENTOS HEPATOBILIARES Y SOBRE P쳁CREAS;07;ENFERMEDADES Y TRASTORNOS DEL H펞ADO, SISTEMA BILIAR Y P쳁CREAS;PH
71132;PH OTROS PROCEDIMIENTOS HEPATOBILIARES Y SOBRE P쳁CREAS W/CC;07;ENFERMEDADES Y TRASTORNOS DEL H펞ADO, SISTEMA BILIAR Y P쳁CREAS;PH
71133;PH OTROS PROCEDIMIENTOS HEPATOBILIARES Y SOBRE P쳁CREAS W/MCC;07;ENFERMEDADES Y TRASTORNOS DEL H펞ADO, SISTEMA BILIAR Y P쳁CREAS;PH
71141;PH COLECISTECTOM페 LAPAROSC흃ICA;07;ENFERMEDADES Y TRASTORNOS DEL H펞ADO, SISTEMA BILIAR Y P쳁CREAS;PH
71142;PH COLECISTECTOM페 LAPAROSC흃ICA W/CC;07;ENFERMEDADES Y TRASTORNOS DEL H펞ADO, SISTEMA BILIAR Y P쳁CREAS;PH
71143;PH COLECISTECTOM페 LAPAROSC흃ICA W/MCC;07;ENFERMEDADES Y TRASTORNOS DEL H펞ADO, SISTEMA BILIAR Y P쳁CREAS;PH
74101;MH HEPATITIS ALCOH휿ICA Y CIRROSIS;07;ENFERMEDADES Y TRASTORNOS DEL H펞ADO, SISTEMA BILIAR Y P쳁CREAS;MH
74102;MH HEPATITIS ALCOH휿ICA Y CIRROSIS W/CC;07;ENFERMEDADES Y TRASTORNOS DEL H펞ADO, SISTEMA BILIAR Y P쳁CREAS;MH
74103;MH HEPATITIS ALCOH휿ICA Y CIRROSIS W/MCC;07;ENFERMEDADES Y TRASTORNOS DEL H펞ADO, SISTEMA BILIAR Y P쳁CREAS;MH
74111;MH NEOPLASIAS DE P쳁CREAS Y SISTEMA HEPATOBILIAR;07;ENFERMEDADES Y TRASTORNOS DEL H펞ADO, SISTEMA BILIAR Y P쳁CREAS;MH
74112;MH NEOPLASIAS DE P쳁CREAS Y SISTEMA HEPATOBILIAR W/CC;07;ENFERMEDADES Y TRASTORNOS DEL H펞ADO, SISTEMA BILIAR Y P쳁CREAS;MH
74113;MH NEOPLASIAS DE P쳁CREAS Y SISTEMA HEPATOBILIAR W/MCC;07;ENFERMEDADES Y TRASTORNOS DEL H펞ADO, SISTEMA BILIAR Y P쳁CREAS;MH
74121;MH ENFERMEDADES DE P쳁CREAS EXCEPTO NEOPLASIAS;07;ENFERMEDADES Y TRASTORNOS DEL H펞ADO, SISTEMA BILIAR Y P쳁CREAS;MH
74122;MH ENFERMEDADES DE P쳁CREAS EXCEPTO NEOPLASIAS W/CC;07;ENFERMEDADES Y TRASTORNOS DEL H펞ADO, SISTEMA BILIAR Y P쳁CREAS;MH
74123;MH ENFERMEDADES DE P쳁CREAS EXCEPTO NEOPLASIAS W/MCC;07;ENFERMEDADES Y TRASTORNOS DEL H펞ADO, SISTEMA BILIAR Y P쳁CREAS;MH
74131;MH ENFERMEDADES HEP쳆ICAS EXCEPTO NEOPLASIAS, CIRROSIS O HEPATITIS ALCOH휿ICA;07;ENFERMEDADES Y TRASTORNOS DEL H펞ADO, SISTEMA BILIAR Y P쳁CREAS;MH
74132;MH ENFERMEDADES HEP쳆ICAS EXCEPTO NEOPLASIAS, CIRROSIS O HEPATITIS ALCOH휿ICA W/CC;07;ENFERMEDADES Y TRASTORNOS DEL H펞ADO, SISTEMA BILIAR Y P쳁CREAS;MH
74133;MH ENFERMEDADES HEP쳆ICAS EXCEPTO NEOPLASIAS, CIRROSIS O HEPATITIS ALCOH휿ICA W/MCC;07;ENFERMEDADES Y TRASTORNOS DEL H펞ADO, SISTEMA BILIAR Y P쳁CREAS;MH
74141;MH OTRAS ENFERMEDADES DEL SISTEMA BILIAR;07;ENFERMEDADES Y TRASTORNOS DEL H펞ADO, SISTEMA BILIAR Y P쳁CREAS;MH
74142;MH OTRAS ENFERMEDADES DEL SISTEMA BILIAR W/CC;07;ENFERMEDADES Y TRASTORNOS DEL H펞ADO, SISTEMA BILIAR Y P쳁CREAS;MH
74143;MH OTRAS ENFERMEDADES DEL SISTEMA BILIAR W/MCC;07;ENFERMEDADES Y TRASTORNOS DEL H펞ADO, SISTEMA BILIAR Y P쳁CREAS;MH
81011;PH PROCEDIMIENTOS BILATERALES Y M＜TIPLES DE ARTICULACI흁 MAYOR DE MIEMBRO INFERIOR;08;SISTEMA MUSCULO-ESQUEL텞ICO Y TEJIDO CONJUNTIVO;PH
81012;PH PROCEDIMIENTOS BILATERALES Y M＜TIPLES DE ARTICULACI흁 MAYOR DE MIEMBRO INFERIOR W/CC;08;SISTEMA MUSCULO-ESQUEL텞ICO Y TEJIDO CONJUNTIVO;PH
81021;PH AMPUTACI흁;08;SISTEMA MUSCULO-ESQUEL텞ICO Y TEJIDO CONJUNTIVO;PH
81022;PH AMPUTACI흁 W/CC;08;SISTEMA MUSCULO-ESQUEL텞ICO Y TEJIDO CONJUNTIVO;PH
81023;PH AMPUTACI흁 W/MCC;08;SISTEMA MUSCULO-ESQUEL텞ICO Y TEJIDO CONJUNTIVO;PH
81041;PH PROCEDIMIENTOS SOBRE ARTICULACI흁 MAYOR O DE REIMPLANTE DE EXTREMIDAD INFERIOR;08;SISTEMA MUSCULO-ESQUEL텞ICO Y TEJIDO CONJUNTIVO;PH
81042;PH PROCEDIMIENTOS SOBRE ARTICULACI흁 MAYOR O DE REIMPLANTE DE EXTREMIDAD INFERIOR W/CC;08;SISTEMA MUSCULO-ESQUEL텞ICO Y TEJIDO CONJUNTIVO;PH
81043;PH PROCEDIMIENTOS SOBRE ARTICULACI흁 MAYOR O DE REIMPLANTE DE EXTREMIDAD INFERIOR W/MCC;08;SISTEMA MUSCULO-ESQUEL텞ICO Y TEJIDO CONJUNTIVO;PH
81051;PH PROCEDIMIENTOS SOBRE ARTICULACI흁 MAYOR O DE REIMPLANTE DE EXTREMIDAD SUPERIOR;08;SISTEMA MUSCULO-ESQUEL텞ICO Y TEJIDO CONJUNTIVO;PH
81052;PH PROCEDIMIENTOS SOBRE ARTICULACI흁 MAYOR O DE REIMPLANTE DE EXTREMIDAD SUPERIOR W/CC;08;SISTEMA MUSCULO-ESQUEL텞ICO Y TEJIDO CONJUNTIVO;PH
81061;PH PROCEDIMIENTOS DE FUSI흁 ESPINAL POR DESVIACI흁 DE COLUMNA;08;SISTEMA MUSCULO-ESQUEL텞ICO Y TEJIDO CONJUNTIVO;PH
81062;PH PROCEDIMIENTOS DE FUSI흁 ESPINAL POR DESVIACI흁 DE COLUMNA W/CC;08;SISTEMA MUSCULO-ESQUEL텞ICO Y TEJIDO CONJUNTIVO;PH
81063;PH PROCEDIMIENTOS DE FUSI흁 ESPINAL POR DESVIACI흁 DE COLUMNA W/MCC;08;SISTEMA MUSCULO-ESQUEL텞ICO Y TEJIDO CONJUNTIVO;PH
81071;PH PROCEDIMIENTOS DE FUSI흁 ESPINAL EXCEPTO POR DESVIACI흁 DE COLUMNA;08;SISTEMA MUSCULO-ESQUEL텞ICO Y TEJIDO CONJUNTIVO;PH
81072;PH PROCEDIMIENTOS DE FUSI흁 ESPINAL EXCEPTO POR DESVIACI흁 DE COLUMNA W/CC;08;SISTEMA MUSCULO-ESQUEL텞ICO Y TEJIDO CONJUNTIVO;PH
81073;PH PROCEDIMIENTOS DE FUSI흁 ESPINAL EXCEPTO POR DESVIACI흁 DE COLUMNA W/MCC;08;SISTEMA MUSCULO-ESQUEL텞ICO Y TEJIDO CONJUNTIVO;PH
81101;PH PROCEDIMIENTOS DE RECONSTRUCCI흁 DE HUESOS FACIALES Y DE CR쳁EO;08;SISTEMA MUSCULO-ESQUEL텞ICO Y TEJIDO CONJUNTIVO;PH
81102;PH PROCEDIMIENTOS DE RECONSTRUCCI흁 DE HUESOS FACIALES Y DE CR쳁EO W/CC;08;SISTEMA MUSCULO-ESQUEL텞ICO Y TEJIDO CONJUNTIVO;PH
81201;PH PROCEDIMIENTOS SOBRE F텘UR Y CADERA EXCEPTO ARTICULACI흁 MAYOR;08;SISTEMA MUSCULO-ESQUEL텞ICO Y TEJIDO CONJUNTIVO;PH
81202;PH PROCEDIMIENTOS SOBRE F텘UR Y CADERA EXCEPTO ARTICULACI흁 MAYOR W/CC;08;SISTEMA MUSCULO-ESQUEL텞ICO Y TEJIDO CONJUNTIVO;PH
81203;PH PROCEDIMIENTOS SOBRE F텘UR Y CADERA EXCEPTO ARTICULACI흁 MAYOR W/MCC;08;SISTEMA MUSCULO-ESQUEL텞ICO Y TEJIDO CONJUNTIVO;PH
81301;PH PROCEDIMIENTOS SOBRE PIE;08;SISTEMA MUSCULO-ESQUEL텞ICO Y TEJIDO CONJUNTIVO;PH
81302;PH PROCEDIMIENTOS SOBRE PIE W/CC;08;SISTEMA MUSCULO-ESQUEL텞ICO Y TEJIDO CONJUNTIVO;PH
81303;PH PROCEDIMIENTOS SOBRE PIE W/MCC;08;SISTEMA MUSCULO-ESQUEL텞ICO Y TEJIDO CONJUNTIVO;PH
81401;PH EXCISI흁 LOCAL O EXTRACCI흁 DE DISPOSITIVO DE FIJACI흁 INTERNA;08;SISTEMA MUSCULO-ESQUEL텞ICO Y TEJIDO CONJUNTIVO;PH
81402;PH EXCISI흁 LOCAL O EXTRACCI흁 DE DISPOSITIVO DE FIJACI흁 INTERNA W/CC;08;SISTEMA MUSCULO-ESQUEL텞ICO Y TEJIDO CONJUNTIVO;PH
81403;PH EXCISI흁 LOCAL O EXTRACCI흁 DE DISPOSITIVO DE FIJACI흁 INTERNA W/MCC;08;SISTEMA MUSCULO-ESQUEL텞ICO Y TEJIDO CONJUNTIVO;PH
81501;PH PROCEDIMIENTOS SOBRE TEJIDOS BLANDOS;08;SISTEMA MUSCULO-ESQUEL텞ICO Y TEJIDO CONJUNTIVO;PH
81502;PH PROCEDIMIENTOS SOBRE TEJIDOS BLANDOS W/CC;08;SISTEMA MUSCULO-ESQUEL텞ICO Y TEJIDO CONJUNTIVO;PH
81503;PH PROCEDIMIENTOS SOBRE TEJIDOS BLANDOS W/MCC;08;SISTEMA MUSCULO-ESQUEL텞ICO Y TEJIDO CONJUNTIVO;PH
81601;PH OTROS PROCEDIMIENTOS SOBRE TEJ. CONECTIVO Y SIST. MUSCULOESQUEL텞ICO;08;SISTEMA MUSCULO-ESQUEL텞ICO Y TEJIDO CONJUNTIVO;PH
81602;PH OTROS PROCEDIMIENTOS SOBRE TEJ. CONECTIVO Y SIST. MUSCULOESQUEL텞ICO W/CC;08;SISTEMA MUSCULO-ESQUEL텞ICO Y TEJIDO CONJUNTIVO;PH
81603;PH OTROS PROCEDIMIENTOS SOBRE TEJ. CONECTIVO Y SIST. MUSCULOESQUEL텞ICO W/MCC;08;SISTEMA MUSCULO-ESQUEL텞ICO Y TEJIDO CONJUNTIVO;PH
81701;PH PROCEDIMIENTOS SOBRE RODILLA Y EXTREMIDAD INFERIOR EXCEPTO PIE;08;SISTEMA MUSCULO-ESQUEL텞ICO Y TEJIDO CONJUNTIVO;PH
81702;PH PROCEDIMIENTOS SOBRE RODILLA Y EXTREMIDAD INFERIOR EXCEPTO PIE W/CC;08;SISTEMA MUSCULO-ESQUEL텞ICO Y TEJIDO CONJUNTIVO;PH
81703;PH PROCEDIMIENTOS SOBRE RODILLA Y EXTREMIDAD INFERIOR EXCEPTO PIE W/MCC;08;SISTEMA MUSCULO-ESQUEL텞ICO Y TEJIDO CONJUNTIVO;PH
81801;PH PROCEDIMIENTOS SOBRE EXTREMIDAD SUPERIOR;08;SISTEMA MUSCULO-ESQUEL텞ICO Y TEJIDO CONJUNTIVO;PH
81802;PH PROCEDIMIENTOS SOBRE EXTREMIDAD SUPERIOR W/CC;08;SISTEMA MUSCULO-ESQUEL텞ICO Y TEJIDO CONJUNTIVO;PH
81803;PH PROCEDIMIENTOS SOBRE EXTREMIDAD SUPERIOR W/MCC;08;SISTEMA MUSCULO-ESQUEL텞ICO Y TEJIDO CONJUNTIVO;PH
84101;MH FRACTURAS DE F텘UR;08;SISTEMA MUSCULO-ESQUEL텞ICO Y TEJIDO CONJUNTIVO;MH
84102;MH FRACTURAS DE F텘UR W/CC;08;SISTEMA MUSCULO-ESQUEL텞ICO Y TEJIDO CONJUNTIVO;MH
84103;MH FRACTURAS DE F텘UR W/MCC;08;SISTEMA MUSCULO-ESQUEL텞ICO Y TEJIDO CONJUNTIVO;MH
84111;MH FRACTURAS DE PELVIS O LUXACI흁 DE CADERA;08;SISTEMA MUSCULO-ESQUEL텞ICO Y TEJIDO CONJUNTIVO;MH
84112;MH FRACTURAS DE PELVIS O LUXACI흁 DE CADERA W/CC;08;SISTEMA MUSCULO-ESQUEL텞ICO Y TEJIDO CONJUNTIVO;MH
84113;MH FRACTURAS DE PELVIS O LUXACI흁 DE CADERA W/MCC;08;SISTEMA MUSCULO-ESQUEL텞ICO Y TEJIDO CONJUNTIVO;MH
84121;MH FRACTURA O LUXACI흁 EXCEPTO DE PELVIS O F텘UR;08;SISTEMA MUSCULO-ESQUEL텞ICO Y TEJIDO CONJUNTIVO;MH
84122;MH FRACTURA O LUXACI흁 EXCEPTO DE PELVIS O F텘UR W/CC;08;SISTEMA MUSCULO-ESQUEL텞ICO Y TEJIDO CONJUNTIVO;MH
84123;MH FRACTURA O LUXACI흁 EXCEPTO DE PELVIS O F텘UR W/MCC;08;SISTEMA MUSCULO-ESQUEL텞ICO Y TEJIDO CONJUNTIVO;MH
84131;MH FRACTURAS PATOL휺ICAS Y NEOPLASIAS MUSCULOESQUEL텞ICAS Y DEL TEJIDO CONECTIVO;08;SISTEMA MUSCULO-ESQUEL텞ICO Y TEJIDO CONJUNTIVO;MH
84132;MH FRACTURAS PATOL휺ICAS Y NEOPLASIAS MUSCULOESQUEL텞ICAS Y DEL TEJIDO CONECTIVO W/CC;08;SISTEMA MUSCULO-ESQUEL텞ICO Y TEJIDO CONJUNTIVO;MH
84133;MH FRACTURAS PATOL휺ICAS Y NEOPLASIAS MUSCULOESQUEL텞ICAS Y DEL TEJIDO CONECTIVO W/MCC;08;SISTEMA MUSCULO-ESQUEL텞ICO Y TEJIDO CONJUNTIVO;MH
84141;MH OSTEOMIELITIS;08;SISTEMA MUSCULO-ESQUEL텞ICO Y TEJIDO CONJUNTIVO;MH
84142;MH OSTEOMIELITIS W/CC;08;SISTEMA MUSCULO-ESQUEL텞ICO Y TEJIDO CONJUNTIVO;MH
84143;MH OSTEOMIELITIS W/MCC;08;SISTEMA MUSCULO-ESQUEL텞ICO Y TEJIDO CONJUNTIVO;MH
84151;MH ARTRITIS S텛TICA;08;SISTEMA MUSCULO-ESQUEL텞ICO Y TEJIDO CONJUNTIVO;MH
84152;MH ARTRITIS S텛TICA W/CC;08;SISTEMA MUSCULO-ESQUEL텞ICO Y TEJIDO CONJUNTIVO;MH
84153;MH ARTRITIS S텛TICA W/MCC;08;SISTEMA MUSCULO-ESQUEL텞ICO Y TEJIDO CONJUNTIVO;MH
84161;MH ENFERMEDADES DEL TEJIDO CONECTIVO;08;SISTEMA MUSCULO-ESQUEL텞ICO Y TEJIDO CONJUNTIVO;MH
84162;MH ENFERMEDADES DEL TEJIDO CONECTIVO W/CC;08;SISTEMA MUSCULO-ESQUEL텞ICO Y TEJIDO CONJUNTIVO;MH
84163;MH ENFERMEDADES DEL TEJIDO CONECTIVO W/MCC;08;SISTEMA MUSCULO-ESQUEL텞ICO Y TEJIDO CONJUNTIVO;MH
84171;MH PROBLEMAS M텏ICOS DE LA ESPALDA;08;SISTEMA MUSCULO-ESQUEL텞ICO Y TEJIDO CONJUNTIVO;MH
84172;MH PROBLEMAS M텏ICOS DE LA ESPALDA W/CC;08;SISTEMA MUSCULO-ESQUEL텞ICO Y TEJIDO CONJUNTIVO;MH
84173;MH PROBLEMAS M텏ICOS DE LA ESPALDA W/MCC;08;SISTEMA MUSCULO-ESQUEL텞ICO Y TEJIDO CONJUNTIVO;MH
84181;MH OTRAS ENFERMEDADES 흅EAS Y ARTICULARES;08;SISTEMA MUSCULO-ESQUEL텞ICO Y TEJIDO CONJUNTIVO;MH
84182;MH OTRAS ENFERMEDADES 흅EAS Y ARTICULARES W/CC;08;SISTEMA MUSCULO-ESQUEL텞ICO Y TEJIDO CONJUNTIVO;MH
84183;MH OTRAS ENFERMEDADES 흅EAS Y ARTICULARES W/MCC;08;SISTEMA MUSCULO-ESQUEL텞ICO Y TEJIDO CONJUNTIVO;MH
84191;MH COMPLICACI흁, DISFUNCI흁 O REACCI흁 POR PROCEDIMIENTO O DISPOSITIVO ORTOP텏ICO;08;SISTEMA MUSCULO-ESQUEL텞ICO Y TEJIDO CONJUNTIVO;MH
84192;MH COMPLICACI흁, DISFUNCI흁 O REACCI흁 POR PROCEDIMIENTO O DISPOSITIVO ORTOP텏ICO W/CC;08;SISTEMA MUSCULO-ESQUEL텞ICO Y TEJIDO CONJUNTIVO;MH
84193;MH COMPLICACI흁, DISFUNCI흁 O REACCI흁 POR PROCEDIMIENTO O DISPOSITIVO ORTOP텏ICO W/MCC;08;SISTEMA MUSCULO-ESQUEL텞ICO Y TEJIDO CONJUNTIVO;MH
84201;MH ESGUINCES, SIGNOS Y S펥TOMAS MUSCULOESQUEL텞ICOS E INFLAMACIONES MENORES;08;SISTEMA MUSCULO-ESQUEL텞ICO Y TEJIDO CONJUNTIVO;MH
84202;MH ESGUINCES, SIGNOS Y S펥TOMAS MUSCULOESQUEL텞ICOS E INFLAMACIONES MENORES W/CC;08;SISTEMA MUSCULO-ESQUEL텞ICO Y TEJIDO CONJUNTIVO;MH
84203;MH ESGUINCES, SIGNOS Y S펥TOMAS MUSCULOESQUEL텞ICOS E INFLAMACIONES MENORES W/MCC;08;SISTEMA MUSCULO-ESQUEL텞ICO Y TEJIDO CONJUNTIVO;MH
84211;MH OTROS DIAGN흅TICOS DEL SISTEMA MUSCULOESQUEL텞ICO Y TEJIDO CONECTIVO;08;SISTEMA MUSCULO-ESQUEL텞ICO Y TEJIDO CONJUNTIVO;MH
84212;MH OTROS DIAGN흅TICOS DEL SISTEMA MUSCULOESQUEL텞ICO Y TEJIDO CONECTIVO W/CC;08;SISTEMA MUSCULO-ESQUEL텞ICO Y TEJIDO CONJUNTIVO;MH
84213;MH OTROS DIAGN흅TICOS DEL SISTEMA MUSCULOESQUEL텞ICO Y TEJIDO CONECTIVO W/MCC;08;SISTEMA MUSCULO-ESQUEL텞ICO Y TEJIDO CONJUNTIVO;MH
91201;PH INJERTO DE PIEL CON QUEMADURA;09;ENFERMEDADES Y TRASTORNOS DE LA PIEL, TEJIDO SUBCUT쳁EO Y MAMA;PH
91202;PH INJERTO DE PIEL CON QUEMADURA W/CC;09;ENFERMEDADES Y TRASTORNOS DE LA PIEL, TEJIDO SUBCUT쳁EO Y MAMA;PH
91203;PH INJERTO DE PIEL CON QUEMADURA W/MCC;09;ENFERMEDADES Y TRASTORNOS DE LA PIEL, TEJIDO SUBCUT쳁EO Y MAMA;PH
91301;PH INJERTO DE PIEL SIN QUEMADURA;09;ENFERMEDADES Y TRASTORNOS DE LA PIEL, TEJIDO SUBCUT쳁EO Y MAMA;PH
91302;PH INJERTO DE PIEL SIN QUEMADURA W/CC;09;ENFERMEDADES Y TRASTORNOS DE LA PIEL, TEJIDO SUBCUT쳁EO Y MAMA;PH
91303;PH INJERTO DE PIEL SIN QUEMADURA W/MCC;09;ENFERMEDADES Y TRASTORNOS DE LA PIEL, TEJIDO SUBCUT쳁EO Y MAMA;PH
91401;PH OTRAS PROCEDIMIENTOS SOBRE PIEL, TEJIDO SUBCUT쳁EO Y MAMA;09;ENFERMEDADES Y TRASTORNOS DE LA PIEL, TEJIDO SUBCUT쳁EO Y MAMA;PH
91402;PH OTRAS PROCEDIMIENTOS SOBRE PIEL, TEJIDO SUBCUT쳁EO Y MAMA W/CC;09;ENFERMEDADES Y TRASTORNOS DE LA PIEL, TEJIDO SUBCUT쳁EO Y MAMA;PH
91403;PH OTRAS PROCEDIMIENTOS SOBRE PIEL, TEJIDO SUBCUT쳁EO Y MAMA W/MCC;09;ENFERMEDADES Y TRASTORNOS DE LA PIEL, TEJIDO SUBCUT쳁EO Y MAMA;PH
91501;PH PROCEDIMIENTOS SOBRE MAMA;09;ENFERMEDADES Y TRASTORNOS DE LA PIEL, TEJIDO SUBCUT쳁EO Y MAMA;PH
91502;PH PROCEDIMIENTOS SOBRE MAMA W/CC;09;ENFERMEDADES Y TRASTORNOS DE LA PIEL, TEJIDO SUBCUT쳁EO Y MAMA;PH
91503;PH PROCEDIMIENTOS SOBRE MAMA W/MCC;09;ENFERMEDADES Y TRASTORNOS DE LA PIEL, TEJIDO SUBCUT쳁EO Y MAMA;PH
94101;MH ENFERMEDADES MAYORES DE LA PIEL;09;ENFERMEDADES Y TRASTORNOS DE LA PIEL, TEJIDO SUBCUT쳁EO Y MAMA;MH
94102;MH ENFERMEDADES MAYORES DE LA PIEL W/CC;09;ENFERMEDADES Y TRASTORNOS DE LA PIEL, TEJIDO SUBCUT쳁EO Y MAMA;MH
94103;MH ENFERMEDADES MAYORES DE LA PIEL W/MCC;09;ENFERMEDADES Y TRASTORNOS DE LA PIEL, TEJIDO SUBCUT쳁EO Y MAMA;MH
94111;MH ENFERMEDADES MALIGNAS DE LA MAMA;09;ENFERMEDADES Y TRASTORNOS DE LA PIEL, TEJIDO SUBCUT쳁EO Y MAMA;MH
94112;MH ENFERMEDADES MALIGNAS DE LA MAMA W/CC;09;ENFERMEDADES Y TRASTORNOS DE LA PIEL, TEJIDO SUBCUT쳁EO Y MAMA;MH
94113;MH ENFERMEDADES MALIGNAS DE LA MAMA W/MCC;09;ENFERMEDADES Y TRASTORNOS DE LA PIEL, TEJIDO SUBCUT쳁EO Y MAMA;MH
94121;MH CELULITIS;09;ENFERMEDADES Y TRASTORNOS DE LA PIEL, TEJIDO SUBCUT쳁EO Y MAMA;MH
94122;MH CELULITIS W/CC;09;ENFERMEDADES Y TRASTORNOS DE LA PIEL, TEJIDO SUBCUT쳁EO Y MAMA;MH
94123;MH CELULITIS W/MCC;09;ENFERMEDADES Y TRASTORNOS DE LA PIEL, TEJIDO SUBCUT쳁EO Y MAMA;MH
94131;MH TRAUMATISMO DE PIEL, TEJIDO SUBCUT쳁EO Y MAMA;09;ENFERMEDADES Y TRASTORNOS DE LA PIEL, TEJIDO SUBCUT쳁EO Y MAMA;MH
94132;MH TRAUMATISMO DE PIEL, TEJIDO SUBCUT쳁EO Y MAMA W/CC;09;ENFERMEDADES Y TRASTORNOS DE LA PIEL, TEJIDO SUBCUT쳁EO Y MAMA;MH
94133;MH TRAUMATISMO DE PIEL, TEJIDO SUBCUT쳁EO Y MAMA W/MCC;09;ENFERMEDADES Y TRASTORNOS DE LA PIEL, TEJIDO SUBCUT쳁EO Y MAMA;MH
94141;MH OTRAS ENFERMEDADES DE PIEL Y MAMA;09;ENFERMEDADES Y TRASTORNOS DE LA PIEL, TEJIDO SUBCUT쳁EO Y MAMA;MH
94142;MH OTRAS ENFERMEDADES DE PIEL Y MAMA W/CC;09;ENFERMEDADES Y TRASTORNOS DE LA PIEL, TEJIDO SUBCUT쳁EO Y MAMA;MH
94143;MH OTRAS ENFERMEDADES DE PIEL Y MAMA W/MCC;09;ENFERMEDADES Y TRASTORNOS DE LA PIEL, TEJIDO SUBCUT쳁EO Y MAMA;MH
101011;PH PROCEDIMIENTOS SOBRE LA PITUITARIA Y LA GL쳁DULA PINEAL;10;ENFERMEDADES Y TRASTORNOS DEL SISTEMA ENDOCRINO, NUTRICI흁 Y METABOLISMO;PH
101012;PH PROCEDIMIENTOS SOBRE LA PITUITARIA Y LA GL쳁DULA PINEAL W/CC;10;ENFERMEDADES Y TRASTORNOS DEL SISTEMA ENDOCRINO, NUTRICI흁 Y METABOLISMO;PH
101013;PH PROCEDIMIENTOS SOBRE LA PITUITARIA Y LA GL쳁DULA PINEAL W/MCC;10;ENFERMEDADES Y TRASTORNOS DEL SISTEMA ENDOCRINO, NUTRICI흁 Y METABOLISMO;PH
101101;PH PROCEDIMIENTOS SOBRE LAS GL쳁DULAS SUPRARRENALES;10;ENFERMEDADES Y TRASTORNOS DEL SISTEMA ENDOCRINO, NUTRICI흁 Y METABOLISMO;PH
101102;PH PROCEDIMIENTOS SOBRE LAS GL쳁DULAS SUPRARRENALES W/CC;10;ENFERMEDADES Y TRASTORNOS DEL SISTEMA ENDOCRINO, NUTRICI흁 Y METABOLISMO;PH
101201;PH PROCEDIMIENTOS SOBRE TIROIDES, PARATIROIDES Y CONDUCTO TIROGLOSO;10;ENFERMEDADES Y TRASTORNOS DEL SISTEMA ENDOCRINO, NUTRICI흁 Y METABOLISMO;PH
101202;PH PROCEDIMIENTOS SOBRE TIROIDES, PARATIROIDES Y CONDUCTO TIROGLOSO W/CC;10;ENFERMEDADES Y TRASTORNOS DEL SISTEMA ENDOCRINO, NUTRICI흁 Y METABOLISMO;PH
101203;PH PROCEDIMIENTOS SOBRE TIROIDES, PARATIROIDES Y CONDUCTO TIROGLOSO W/MCC;10;ENFERMEDADES Y TRASTORNOS DEL SISTEMA ENDOCRINO, NUTRICI흁 Y METABOLISMO;PH
104101;MH DIABETES Y ENFERMEDADES METAB휿ICAS Y NUTRICIONALES;10;ENFERMEDADES Y TRASTORNOS DEL SISTEMA ENDOCRINO, NUTRICI흁 Y METABOLISMO;MH
104102;MH DIABETES Y ENFERMEDADES METAB휿ICAS Y NUTRICIONALES W/CC;10;ENFERMEDADES Y TRASTORNOS DEL SISTEMA ENDOCRINO, NUTRICI흁 Y METABOLISMO;MH
104103;MH DIABETES Y ENFERMEDADES METAB휿ICAS Y NUTRICIONALES W/MCC;10;ENFERMEDADES Y TRASTORNOS DEL SISTEMA ENDOCRINO, NUTRICI흁 Y METABOLISMO;MH
104111;MH HIPOVOLEMIA Y TRASTORNOS ELECTROL펪ICOS;10;ENFERMEDADES Y TRASTORNOS DEL SISTEMA ENDOCRINO, NUTRICI흁 Y METABOLISMO;MH
104112;MH HIPOVOLEMIA Y TRASTORNOS ELECTROL펪ICOS W/CC;10;ENFERMEDADES Y TRASTORNOS DEL SISTEMA ENDOCRINO, NUTRICI흁 Y METABOLISMO;MH
104113;MH HIPOVOLEMIA Y TRASTORNOS ELECTROL펪ICOS W/MCC;10;ENFERMEDADES Y TRASTORNOS DEL SISTEMA ENDOCRINO, NUTRICI흁 Y METABOLISMO;MH
104121;MH ERRORES CONG텙ITOS DE METABOLISMO;10;ENFERMEDADES Y TRASTORNOS DEL SISTEMA ENDOCRINO, NUTRICI흁 Y METABOLISMO;MH
104122;MH ERRORES CONG텙ITOS DE METABOLISMO W/CC;10;ENFERMEDADES Y TRASTORNOS DEL SISTEMA ENDOCRINO, NUTRICI흁 Y METABOLISMO;MH
104123;MH ERRORES CONG텙ITOS DE METABOLISMO W/MCC;10;ENFERMEDADES Y TRASTORNOS DEL SISTEMA ENDOCRINO, NUTRICI흁 Y METABOLISMO;MH
104131;MH OTROS TRASTORNOS ENDOCRINOS;10;ENFERMEDADES Y TRASTORNOS DEL SISTEMA ENDOCRINO, NUTRICI흁 Y METABOLISMO;MH
104132;MH OTROS TRASTORNOS ENDOCRINOS W/CC;10;ENFERMEDADES Y TRASTORNOS DEL SISTEMA ENDOCRINO, NUTRICI흁 Y METABOLISMO;MH
104133;MH OTROS TRASTORNOS ENDOCRINOS W/MCC;10;ENFERMEDADES Y TRASTORNOS DEL SISTEMA ENDOCRINO, NUTRICI흁 Y METABOLISMO;MH
111011;PH TRASPLANTE DE RI홥N;11;ENFERMEDADES Y TRASTORNOS DEL RI홥N Y V페S URINARIAS;PH
111012;PH TRASPLANTE DE RI홥N W/CC;11;ENFERMEDADES Y TRASTORNOS DEL RI홥N Y V페S URINARIAS;PH
111013;PH TRASPLANTE DE RI홥N W/MCC;11;ENFERMEDADES Y TRASTORNOS DEL RI홥N Y V페S URINARIAS;PH
111111;PH PROCEDIMIENTOS SOBRE VEJIGA COMPLEJOS;11;ENFERMEDADES Y TRASTORNOS DEL RI홥N Y V페S URINARIAS;PH
111112;PH PROCEDIMIENTOS SOBRE VEJIGA COMPLEJOS W/CC;11;ENFERMEDADES Y TRASTORNOS DEL RI홥N Y V페S URINARIAS;PH
111113;PH PROCEDIMIENTOS SOBRE VEJIGA COMPLEJOS W/MCC;11;ENFERMEDADES Y TRASTORNOS DEL RI홥N Y V페S URINARIAS;PH
111121;PH CREACI흁, REVISI흁 Y EXTRACCI흁 DE DISPOSITIVO DE DI첿ISIS;11;ENFERMEDADES Y TRASTORNOS DEL RI홥N Y V페S URINARIAS;PH
111122;PH CREACI흁, REVISI흁 Y EXTRACCI흁 DE DISPOSITIVO DE DI첿ISIS W/CC;11;ENFERMEDADES Y TRASTORNOS DEL RI홥N Y V페S URINARIAS;PH
111123;PH CREACI흁, REVISI흁 Y EXTRACCI흁 DE DISPOSITIVO DE DI첿ISIS W/MCC;11;ENFERMEDADES Y TRASTORNOS DEL RI홥N Y V페S URINARIAS;PH
111201;PH OPERACIONES DEL TRACTO URINARIO SUPERIOR;11;ENFERMEDADES Y TRASTORNOS DEL RI홥N Y V페S URINARIAS;PH
111202;PH OPERACIONES DEL TRACTO URINARIO SUPERIOR W/CC;11;ENFERMEDADES Y TRASTORNOS DEL RI홥N Y V페S URINARIAS;PH
111203;PH OPERACIONES DEL TRACTO URINARIO SUPERIOR W/MCC;11;ENFERMEDADES Y TRASTORNOS DEL RI홥N Y V페S URINARIAS;PH
111301;PH PROCEDIMIENTOS SOBRE TRACTO URINARIO INFERIOR Y VEJIGA;11;ENFERMEDADES Y TRASTORNOS DEL RI홥N Y V페S URINARIAS;PH
111302;PH PROCEDIMIENTOS SOBRE TRACTO URINARIO INFERIOR Y VEJIGA W/CC;11;ENFERMEDADES Y TRASTORNOS DEL RI홥N Y V페S URINARIAS;PH
111303;PH PROCEDIMIENTOS SOBRE TRACTO URINARIO INFERIOR Y VEJIGA W/MCC;11;ENFERMEDADES Y TRASTORNOS DEL RI홥N Y V페S URINARIAS;PH
111401;PH PROCEDIMIENTOS URETRALES Y TRANSURETRALES;11;ENFERMEDADES Y TRASTORNOS DEL RI홥N Y V페S URINARIAS;PH
111402;PH PROCEDIMIENTOS URETRALES Y TRANSURETRALES W/CC;11;ENFERMEDADES Y TRASTORNOS DEL RI홥N Y V페S URINARIAS;PH
111403;PH PROCEDIMIENTOS URETRALES Y TRANSURETRALES W/MCC;11;ENFERMEDADES Y TRASTORNOS DEL RI홥N Y V페S URINARIAS;PH
114101;MH NEOPLASIA DE RI홥N Y TRACTO URINARIO E INSUFICIENCIA RENAL;11;ENFERMEDADES Y TRASTORNOS DEL RI홥N Y V페S URINARIAS;MH
114102;MH NEOPLASIA DE RI홥N Y TRACTO URINARIO E INSUFICIENCIA RENAL W/CC;11;ENFERMEDADES Y TRASTORNOS DEL RI홥N Y V페S URINARIAS;MH
114103;MH NEOPLASIA DE RI홥N Y TRACTO URINARIO E INSUFICIENCIA RENAL W/MCC;11;ENFERMEDADES Y TRASTORNOS DEL RI홥N Y V페S URINARIAS;MH
114111;MH NEFRITIS;11;ENFERMEDADES Y TRASTORNOS DEL RI홥N Y V페S URINARIAS;MH
114112;MH NEFRITIS W/CC;11;ENFERMEDADES Y TRASTORNOS DEL RI홥N Y V페S URINARIAS;MH
114113;MH NEFRITIS W/MCC;11;ENFERMEDADES Y TRASTORNOS DEL RI홥N Y V페S URINARIAS;MH
114121;MH INFECCIONES DE RI홥N Y TRACTO URINARIO;11;ENFERMEDADES Y TRASTORNOS DEL RI홥N Y V페S URINARIAS;MH
114122;MH INFECCIONES DE RI홥N Y TRACTO URINARIO W/CC;11;ENFERMEDADES Y TRASTORNOS DEL RI홥N Y V페S URINARIAS;MH
114123;MH INFECCIONES DE RI홥N Y TRACTO URINARIO W/MCC;11;ENFERMEDADES Y TRASTORNOS DEL RI홥N Y V페S URINARIAS;MH
114131;MH LITIASIS RENAL;11;ENFERMEDADES Y TRASTORNOS DEL RI홥N Y V페S URINARIAS;MH
114132;MH LITIASIS RENAL W/CC;11;ENFERMEDADES Y TRASTORNOS DEL RI홥N Y V페S URINARIAS;MH
114133;MH LITIASIS RENAL W/MCC;11;ENFERMEDADES Y TRASTORNOS DEL RI홥N Y V페S URINARIAS;MH
114141;MH DISFUNCI흁, REACCI흁 O COMPL. POR DISP., INJ. O TRAS. DEL TRACTO URINARIO;11;ENFERMEDADES Y TRASTORNOS DEL RI홥N Y V페S URINARIAS;MH
114142;MH DISFUNCI흁, REACCI흁 O COMPL. POR DISP., INJ. O TRAS. DEL TRACTO URINARIO W/CC;11;ENFERMEDADES Y TRASTORNOS DEL RI홥N Y V페S URINARIAS;MH
114143;MH DISFUNCI흁, REACCI흁 O COMPL. POR DISP., INJ. O TRAS. DEL TRACTO URINARIO W/MCC;11;ENFERMEDADES Y TRASTORNOS DEL RI홥N Y V페S URINARIAS;MH
114151;MH SIGNOS Y S펥TOMAS DE RI홥N Y TRACTO URINARIO;11;ENFERMEDADES Y TRASTORNOS DEL RI홥N Y V페S URINARIAS;MH
114152;MH SIGNOS Y S펥TOMAS DE RI홥N Y TRACTO URINARIO W/CC;11;ENFERMEDADES Y TRASTORNOS DEL RI홥N Y V페S URINARIAS;MH
114153;MH SIGNOS Y S펥TOMAS DE RI홥N Y TRACTO URINARIO W/MCC;11;ENFERMEDADES Y TRASTORNOS DEL RI홥N Y V페S URINARIAS;MH
114161;MH OTROS DIAGN흅TICOS DE RI홥N Y TRACTO URINARIO;11;ENFERMEDADES Y TRASTORNOS DEL RI홥N Y V페S URINARIAS;MH
114162;MH OTROS DIAGN흅TICOS DE RI홥N Y TRACTO URINARIO W/CC;11;ENFERMEDADES Y TRASTORNOS DEL RI홥N Y V페S URINARIAS;MH
114163;MH OTROS DIAGN흅TICOS DE RI홥N Y TRACTO URINARIO W/MCC;11;ENFERMEDADES Y TRASTORNOS DEL RI홥N Y V페S URINARIAS;MH
121101;PH PROSTATECTOM페 COMPLEJA;12;ENFERMEDADES Y TRASTORNOS DEL APARATO REPRODUCTOR MASCULINO;PH
121102;PH PROSTATECTOM페 COMPLEJA W/CC;12;ENFERMEDADES Y TRASTORNOS DEL APARATO REPRODUCTOR MASCULINO;PH
121103;PH PROSTATECTOM페 COMPLEJA W/MCC;12;ENFERMEDADES Y TRASTORNOS DEL APARATO REPRODUCTOR MASCULINO;PH
121111;PH PROCEDIMIENTOS SOBRE PENE;12;ENFERMEDADES Y TRASTORNOS DEL APARATO REPRODUCTOR MASCULINO;PH
121112;PH PROCEDIMIENTOS SOBRE PENE W/CC;12;ENFERMEDADES Y TRASTORNOS DEL APARATO REPRODUCTOR MASCULINO;PH
121121;PH PROCEDIMIENTOS SOBRE PR흅TATA Y ESCROTO MODERADAMENTE COMPLEJOS;12;ENFERMEDADES Y TRASTORNOS DEL APARATO REPRODUCTOR MASCULINO;PH
121122;PH PROCEDIMIENTOS SOBRE PR흅TATA Y ESCROTO MODERADAMENTE COMPLEJOS W/CC;12;ENFERMEDADES Y TRASTORNOS DEL APARATO REPRODUCTOR MASCULINO;PH
121123;PH PROCEDIMIENTOS SOBRE PR흅TATA Y ESCROTO MODERADAMENTE COMPLEJOS W/MCC;12;ENFERMEDADES Y TRASTORNOS DEL APARATO REPRODUCTOR MASCULINO;PH
121131;PH PROCEDIMIENTOS SOBRE PR흅TATA Y ESCROTO NO COMPLEJOS;12;ENFERMEDADES Y TRASTORNOS DEL APARATO REPRODUCTOR MASCULINO;PH
121132;PH PROCEDIMIENTOS SOBRE PR흅TATA Y ESCROTO NO COMPLEJOS W/CC;12;ENFERMEDADES Y TRASTORNOS DEL APARATO REPRODUCTOR MASCULINO;PH
121133;PH PROCEDIMIENTOS SOBRE PR흅TATA Y ESCROTO NO COMPLEJOS W/MCC;12;ENFERMEDADES Y TRASTORNOS DEL APARATO REPRODUCTOR MASCULINO;PH
121141;PH PROSTATECTOM페 TRANSURETRAL;12;ENFERMEDADES Y TRASTORNOS DEL APARATO REPRODUCTOR MASCULINO;PH
121142;PH PROSTATECTOM페 TRANSURETRAL W/CC;12;ENFERMEDADES Y TRASTORNOS DEL APARATO REPRODUCTOR MASCULINO;PH
121143;PH PROSTATECTOM페 TRANSURETRAL W/MCC;12;ENFERMEDADES Y TRASTORNOS DEL APARATO REPRODUCTOR MASCULINO;PH
121151;PH CIRCUNCISI흁;12;ENFERMEDADES Y TRASTORNOS DEL APARATO REPRODUCTOR MASCULINO;PH
121152;PH CIRCUNCISI흁 W/CC;12;ENFERMEDADES Y TRASTORNOS DEL APARATO REPRODUCTOR MASCULINO;PH
124101;MH NEOPLASIA DEL APARATO REPRODUCTOR MASCULINO;12;ENFERMEDADES Y TRASTORNOS DEL APARATO REPRODUCTOR MASCULINO;MH
124102;MH NEOPLASIA DEL APARATO REPRODUCTOR MASCULINO W/CC;12;ENFERMEDADES Y TRASTORNOS DEL APARATO REPRODUCTOR MASCULINO;MH
124103;MH NEOPLASIA DEL APARATO REPRODUCTOR MASCULINO W/MCC;12;ENFERMEDADES Y TRASTORNOS DEL APARATO REPRODUCTOR MASCULINO;MH
124111;MH ENF. DEL APARATO REPRODUCTOR MASCULINO EXCEPTO NEOPLASIA;12;ENFERMEDADES Y TRASTORNOS DEL APARATO REPRODUCTOR MASCULINO;MH
124112;MH ENF. DEL APARATO REPRODUCTOR MASCULINO EXCEPTO NEOPLASIA W/CC;12;ENFERMEDADES Y TRASTORNOS DEL APARATO REPRODUCTOR MASCULINO;MH
124113;MH ENF. DEL APARATO REPRODUCTOR MASCULINO EXCEPTO NEOPLASIA W/MCC;12;ENFERMEDADES Y TRASTORNOS DEL APARATO REPRODUCTOR MASCULINO;MH
131011;PH EVISCERACI흁 P텗VICA, HISTERECTOM페 Y VULVECTOM페 RADICAL;13;ENFERMEDADES Y TRASTORNOS DEL APARATO REPRODUCTOR FEMENINO;PH
131012;PH EVISCERACI흁 P텗VICA, HISTERECTOM페 Y VULVECTOM페 RADICAL W/CC;13;ENFERMEDADES Y TRASTORNOS DEL APARATO REPRODUCTOR FEMENINO;PH
131013;PH EVISCERACI흁 P텗VICA, HISTERECTOM페 Y VULVECTOM페 RADICAL W/MCC;13;ENFERMEDADES Y TRASTORNOS DEL APARATO REPRODUCTOR FEMENINO;PH
131101;PH ABORTO;13;ENFERMEDADES Y TRASTORNOS DEL APARATO REPRODUCTOR FEMENINO;PH
131102;PH ABORTO W/CC;13;ENFERMEDADES Y TRASTORNOS DEL APARATO REPRODUCTOR FEMENINO;PH
131111;PH PROCEDIMIENTOS SOBRE ＤERO Y CUELLO, DILATACI흁 Y LEGRADO;13;ENFERMEDADES Y TRASTORNOS DEL APARATO REPRODUCTOR FEMENINO;PH
131112;PH PROCEDIMIENTOS SOBRE ＤERO Y CUELLO, DILATACI흁 Y LEGRADO W/CC;13;ENFERMEDADES Y TRASTORNOS DEL APARATO REPRODUCTOR FEMENINO;PH
131113;PH PROCEDIMIENTOS SOBRE ＤERO Y CUELLO, DILATACI흁 Y LEGRADO W/MCC;13;ENFERMEDADES Y TRASTORNOS DEL APARATO REPRODUCTOR FEMENINO;PH
131121;PH INTERRUPCI흁 TUBRICA ABIERTA;13;ENFERMEDADES Y TRASTORNOS DEL APARATO REPRODUCTOR FEMENINO;PH
131122;PH INTERRUPCI흁 TUBRICA ABIERTA W/CC;13;ENFERMEDADES Y TRASTORNOS DEL APARATO REPRODUCTOR FEMENINO;PH
131131;PH INTERRUPCI흁 TUBRICA ENDOSC흃ICA;13;ENFERMEDADES Y TRASTORNOS DEL APARATO REPRODUCTOR FEMENINO;PH
131132;PH INTERRUPCI흁 TUBRICA ENDOSC흃ICA W/CC;13;ENFERMEDADES Y TRASTORNOS DEL APARATO REPRODUCTOR FEMENINO;PH
131201;PH PROCEDIMIENTOS SOBRE ＤERO Y ANEXOS;13;ENFERMEDADES Y TRASTORNOS DEL APARATO REPRODUCTOR FEMENINO;PH
131202;PH PROCEDIMIENTOS SOBRE ＤERO Y ANEXOS W/CC;13;ENFERMEDADES Y TRASTORNOS DEL APARATO REPRODUCTOR FEMENINO;PH
131203;PH PROCEDIMIENTOS SOBRE ＤERO Y ANEXOS W/MCC;13;ENFERMEDADES Y TRASTORNOS DEL APARATO REPRODUCTOR FEMENINO;PH
131301;PH HISTERECTOMIA VAGINAL Y OTROS PROCEDIMIENTOS POR VIA VAGINAL;13;ENFERMEDADES Y TRASTORNOS DEL APARATO REPRODUCTOR FEMENINO;PH
131302;PH HISTERECTOMIA VAGINAL Y OTROS PROCEDIMIENTOS POR VIA VAGINAL W/CC;13;ENFERMEDADES Y TRASTORNOS DEL APARATO REPRODUCTOR FEMENINO;PH
131303;PH HISTERECTOMIA VAGINAL Y OTROS PROCEDIMIENTOS POR VIA VAGINAL W/MCC;13;ENFERMEDADES Y TRASTORNOS DEL APARATO REPRODUCTOR FEMENINO;PH
134101;MH NEOPLASIA DEL APARATO REPRODUCTOR FEMENINO;13;ENFERMEDADES Y TRASTORNOS DEL APARATO REPRODUCTOR FEMENINO;MH
134102;MH NEOPLASIA DEL APARATO REPRODUCTOR FEMENINO W/CC;13;ENFERMEDADES Y TRASTORNOS DEL APARATO REPRODUCTOR FEMENINO;MH
134103;MH NEOPLASIA DEL APARATO REPRODUCTOR FEMENINO W/MCC;13;ENFERMEDADES Y TRASTORNOS DEL APARATO REPRODUCTOR FEMENINO;MH
134111;MH INFECCI흁 DEL APARATO REPRODUCTOR FEMENINO;13;ENFERMEDADES Y TRASTORNOS DEL APARATO REPRODUCTOR FEMENINO;MH
134112;MH INFECCI흁 DEL APARATO REPRODUCTOR FEMENINO W/CC;13;ENFERMEDADES Y TRASTORNOS DEL APARATO REPRODUCTOR FEMENINO;MH
134113;MH INFECCI흁 DEL APARATO REPRODUCTOR FEMENINO W/MCC;13;ENFERMEDADES Y TRASTORNOS DEL APARATO REPRODUCTOR FEMENINO;MH
134121;MH OTRAS ENFERMEDADES DEL APARATO REPRODUCTOR FEMENINO;13;ENFERMEDADES Y TRASTORNOS DEL APARATO REPRODUCTOR FEMENINO;MH
134122;MH OTRAS ENFERMEDADES DEL APARATO REPRODUCTOR FEMENINO W/CC;13;ENFERMEDADES Y TRASTORNOS DEL APARATO REPRODUCTOR FEMENINO;MH
134123;MH OTRAS ENFERMEDADES DEL APARATO REPRODUCTOR FEMENINO W/MCC;13;ENFERMEDADES Y TRASTORNOS DEL APARATO REPRODUCTOR FEMENINO;MH
134131;MH ABORTO;13;ENFERMEDADES Y TRASTORNOS DEL APARATO REPRODUCTOR FEMENINO;MH
134132;MH ABORTO W/CC;13;ENFERMEDADES Y TRASTORNOS DEL APARATO REPRODUCTOR FEMENINO;MH
134133;MH ABORTO W/MCC;13;ENFERMEDADES Y TRASTORNOS DEL APARATO REPRODUCTOR FEMENINO;MH
134141;MH AMENAZA DE ABORTO;13;ENFERMEDADES Y TRASTORNOS DEL APARATO REPRODUCTOR FEMENINO;MH
134142;MH AMENAZA DE ABORTO W/CC;13;ENFERMEDADES Y TRASTORNOS DEL APARATO REPRODUCTOR FEMENINO;MH
134143;MH AMENAZA DE ABORTO W/MCC;13;ENFERMEDADES Y TRASTORNOS DEL APARATO REPRODUCTOR FEMENINO;MH
134151;MH FALSO TRABAJO DEL PARTO;13;ENFERMEDADES Y TRASTORNOS DEL APARATO REPRODUCTOR FEMENINO;MH
134152;MH FALSO TRABAJO DEL PARTO W/CC;13;ENFERMEDADES Y TRASTORNOS DEL APARATO REPRODUCTOR FEMENINO;MH
134153;MH FALSO TRABAJO DEL PARTO W/MCC;13;ENFERMEDADES Y TRASTORNOS DEL APARATO REPRODUCTOR FEMENINO;MH
134161;MH TRASTORNOS DEL ANTEPARTO;13;ENFERMEDADES Y TRASTORNOS DEL APARATO REPRODUCTOR FEMENINO;MH
134162;MH TRASTORNOS DEL ANTEPARTO W/CC;13;ENFERMEDADES Y TRASTORNOS DEL APARATO REPRODUCTOR FEMENINO;MH
134163;MH TRASTORNOS DEL ANTEPARTO W/MCC;13;ENFERMEDADES Y TRASTORNOS DEL APARATO REPRODUCTOR FEMENINO;MH
134171;MH TRASTORNOS DEL POSTPARTO;13;ENFERMEDADES Y TRASTORNOS DEL APARATO REPRODUCTOR FEMENINO;MH
134172;MH TRASTORNOS DEL POSTPARTO W/CC;13;ENFERMEDADES Y TRASTORNOS DEL APARATO REPRODUCTOR FEMENINO;MH
134173;MH TRASTORNOS DEL POSTPARTO W/MCC;13;ENFERMEDADES Y TRASTORNOS DEL APARATO REPRODUCTOR FEMENINO;MH
161103;PH TRASPLANTE ALOG텙ICO DE M텏ULA 흅EA W/MCC;16;ENFERMEDADES Y TRASTORNOS DE SANGRE, RGANOS HEMATOPOY텞ICOS Y SISTEMA INMUNOL휺ICO;PH
161113;PH TRASPLANTE AUT휿OGO DE M텏ULA 흅EA W/MCC;16;ENFERMEDADES Y TRASTORNOS DE SANGRE, RGANOS HEMATOPOY텞ICOS Y SISTEMA INMUNOL휺ICO;PH
161121;PH PROCEDIMIENTOS SOBRE EL BAZO;16;ENFERMEDADES Y TRASTORNOS DE SANGRE, RGANOS HEMATOPOY텞ICOS Y SISTEMA INMUNOL휺ICO;PH
161122;PH PROCEDIMIENTOS SOBRE EL BAZO W/CC;16;ENFERMEDADES Y TRASTORNOS DE SANGRE, RGANOS HEMATOPOY텞ICOS Y SISTEMA INMUNOL휺ICO;PH
161123;PH PROCEDIMIENTOS SOBRE EL BAZO W/MCC;16;ENFERMEDADES Y TRASTORNOS DE SANGRE, RGANOS HEMATOPOY텞ICOS Y SISTEMA INMUNOL휺ICO;PH
161201;PH OTROS PROCEDIMIENTOS SOBRE SANGRE Y RGANOS HEMATOPOY텞ICOS;16;ENFERMEDADES Y TRASTORNOS DE SANGRE, RGANOS HEMATOPOY텞ICOS Y SISTEMA INMUNOL휺ICO;PH
161202;PH OTROS PROCEDIMIENTOS SOBRE SANGRE Y RGANOS HEMATOPOY텞ICOS W/CC;16;ENFERMEDADES Y TRASTORNOS DE SANGRE, RGANOS HEMATOPOY텞ICOS Y SISTEMA INMUNOL휺ICO;PH
161203;PH OTROS PROCEDIMIENTOS SOBRE SANGRE Y RGANOS HEMATOPOY텞ICOS W/MCC;16;ENFERMEDADES Y TRASTORNOS DE SANGRE, RGANOS HEMATOPOY텞ICOS Y SISTEMA INMUNOL휺ICO;PH
164101;MH AGRANULOCITOSIS;16;ENFERMEDADES Y TRASTORNOS DE SANGRE, RGANOS HEMATOPOY텞ICOS Y SISTEMA INMUNOL휺ICO;MH
164102;MH AGRANULOCITOSIS W/CC;16;ENFERMEDADES Y TRASTORNOS DE SANGRE, RGANOS HEMATOPOY텞ICOS Y SISTEMA INMUNOL휺ICO;MH
164103;MH AGRANULOCITOSIS W/MCC;16;ENFERMEDADES Y TRASTORNOS DE SANGRE, RGANOS HEMATOPOY텞ICOS Y SISTEMA INMUNOL휺ICO;MH
164111;MH TRASTORNOS DE COAGULACI흁;16;ENFERMEDADES Y TRASTORNOS DE SANGRE, RGANOS HEMATOPOY텞ICOS Y SISTEMA INMUNOL휺ICO;MH
164112;MH TRASTORNOS DE COAGULACI흁 W/CC;16;ENFERMEDADES Y TRASTORNOS DE SANGRE, RGANOS HEMATOPOY텞ICOS Y SISTEMA INMUNOL휺ICO;MH
164113;MH TRASTORNOS DE COAGULACI흁 W/MCC;16;ENFERMEDADES Y TRASTORNOS DE SANGRE, RGANOS HEMATOPOY텞ICOS Y SISTEMA INMUNOL휺ICO;MH
164131;MH TRASTORNOS DE LOS HEMAT펜S EXCEPTO CRISIS DE ANEMIA FALCIFORME;16;ENFERMEDADES Y TRASTORNOS DE SANGRE, RGANOS HEMATOPOY텞ICOS Y SISTEMA INMUNOL휺ICO;MH
164132;MH TRASTORNOS DE LOS HEMAT펜S EXCEPTO CRISIS DE ANEMIA FALCIFORME W/CC;16;ENFERMEDADES Y TRASTORNOS DE SANGRE, RGANOS HEMATOPOY텞ICOS Y SISTEMA INMUNOL휺ICO;MH
164133;MH TRASTORNOS DE LOS HEMAT펜S EXCEPTO CRISIS DE ANEMIA FALCIFORME W/MCC;16;ENFERMEDADES Y TRASTORNOS DE SANGRE, RGANOS HEMATOPOY텞ICOS Y SISTEMA INMUNOL휺ICO;MH
164141;MH OTROS TRASTORNOS DE LA SANGRE Y RGANOS HEMATOPOY텞ICOS;16;ENFERMEDADES Y TRASTORNOS DE SANGRE, RGANOS HEMATOPOY텞ICOS Y SISTEMA INMUNOL휺ICO;MH
164142;MH OTROS TRASTORNOS DE LA SANGRE Y RGANOS HEMATOPOY텞ICOS W/CC;16;ENFERMEDADES Y TRASTORNOS DE SANGRE, RGANOS HEMATOPOY텞ICOS Y SISTEMA INMUNOL휺ICO;MH
164143;MH OTROS TRASTORNOS DE LA SANGRE Y RGANOS HEMATOPOY텞ICOS W/MCC;16;ENFERMEDADES Y TRASTORNOS DE SANGRE, RGANOS HEMATOPOY텞ICOS Y SISTEMA INMUNOL휺ICO;MH
174101;MH LEUCEMIA AGUDA;17;ENFERMEDADES Y TRASTORNOS MIELOPROLIFERATIVOS Y NEOPLASIAS MAL DIFERENCIADAS;MH
174102;MH LEUCEMIA AGUDA W/CC;17;ENFERMEDADES Y TRASTORNOS MIELOPROLIFERATIVOS Y NEOPLASIAS MAL DIFERENCIADAS;MH
174103;MH LEUCEMIA AGUDA W/MCC;17;ENFERMEDADES Y TRASTORNOS MIELOPROLIFERATIVOS Y NEOPLASIAS MAL DIFERENCIADAS;MH
174111;MH LINFOMA Y LEUCEMIA NO AGUDA;17;ENFERMEDADES Y TRASTORNOS MIELOPROLIFERATIVOS Y NEOPLASIAS MAL DIFERENCIADAS;MH
174112;MH LINFOMA Y LEUCEMIA NO AGUDA W/CC;17;ENFERMEDADES Y TRASTORNOS MIELOPROLIFERATIVOS Y NEOPLASIAS MAL DIFERENCIADAS;MH
174113;MH LINFOMA Y LEUCEMIA NO AGUDA W/MCC;17;ENFERMEDADES Y TRASTORNOS MIELOPROLIFERATIVOS Y NEOPLASIAS MAL DIFERENCIADAS;MH
174121;MH RADIOTERAPIA;17;ENFERMEDADES Y TRASTORNOS MIELOPROLIFERATIVOS Y NEOPLASIAS MAL DIFERENCIADAS;MH
174122;MH RADIOTERAPIA W/CC;17;ENFERMEDADES Y TRASTORNOS MIELOPROLIFERATIVOS Y NEOPLASIAS MAL DIFERENCIADAS;MH
174123;MH RADIOTERAPIA W/MCC;17;ENFERMEDADES Y TRASTORNOS MIELOPROLIFERATIVOS Y NEOPLASIAS MAL DIFERENCIADAS;MH
174131;MH QUIMIOTERAPIA;17;ENFERMEDADES Y TRASTORNOS MIELOPROLIFERATIVOS Y NEOPLASIAS MAL DIFERENCIADAS;MH
174132;MH QUIMIOTERAPIA W/CC;17;ENFERMEDADES Y TRASTORNOS MIELOPROLIFERATIVOS Y NEOPLASIAS MAL DIFERENCIADAS;MH
174133;MH QUIMIOTERAPIA W/MCC;17;ENFERMEDADES Y TRASTORNOS MIELOPROLIFERATIVOS Y NEOPLASIAS MAL DIFERENCIADAS;MH
174141;MH OTROS TRASTORNOS MIELOPROLIFERATIVOS Y NEOPLASIAS MAL DIFERENCIADAS;17;ENFERMEDADES Y TRASTORNOS MIELOPROLIFERATIVOS Y NEOPLASIAS MAL DIFERENCIADAS;MH
174142;MH OTROS TRASTORNOS MIELOPROLIFERATIVOS Y NEOPLASIAS MAL DIFERENCIADAS W/CC;17;ENFERMEDADES Y TRASTORNOS MIELOPROLIFERATIVOS Y NEOPLASIAS MAL DIFERENCIADAS;MH
174143;MH OTROS TRASTORNOS MIELOPROLIFERATIVOS Y NEOPLASIAS MAL DIFERENCIADAS W/MCC;17;ENFERMEDADES Y TRASTORNOS MIELOPROLIFERATIVOS Y NEOPLASIAS MAL DIFERENCIADAS;MH
184101;MH SEPTICEMIA;18;ENFERMEDADES INFECCIOSAS Y PARASITARIAS SIST텘ICAS O DE SITIOS NO ESPECIFICADOS;MH
184102;MH SEPTICEMIA W/CC;18;ENFERMEDADES INFECCIOSAS Y PARASITARIAS SIST텘ICAS O DE SITIOS NO ESPECIFICADOS;MH
184103;MH SEPTICEMIA W/MCC;18;ENFERMEDADES INFECCIOSAS Y PARASITARIAS SIST텘ICAS O DE SITIOS NO ESPECIFICADOS;MH
184111;MH INFECCI흁 TRAS CIRUG페 Y POST-TRAUM쳆ICA;18;ENFERMEDADES INFECCIOSAS Y PARASITARIAS SIST텘ICAS O DE SITIOS NO ESPECIFICADOS;MH
184112;MH INFECCI흁 TRAS CIRUG페 Y POST-TRAUM쳆ICA W/CC;18;ENFERMEDADES INFECCIOSAS Y PARASITARIAS SIST텘ICAS O DE SITIOS NO ESPECIFICADOS;MH
184113;MH INFECCI흁 TRAS CIRUG페 Y POST-TRAUM쳆ICA W/MCC;18;ENFERMEDADES INFECCIOSAS Y PARASITARIAS SIST텘ICAS O DE SITIOS NO ESPECIFICADOS;MH
184121;MH FIEBRE;18;ENFERMEDADES INFECCIOSAS Y PARASITARIAS SIST텘ICAS O DE SITIOS NO ESPECIFICADOS;MH
184122;MH FIEBRE W/CC;18;ENFERMEDADES INFECCIOSAS Y PARASITARIAS SIST텘ICAS O DE SITIOS NO ESPECIFICADOS;MH
184123;MH FIEBRE W/MCC;18;ENFERMEDADES INFECCIOSAS Y PARASITARIAS SIST텘ICAS O DE SITIOS NO ESPECIFICADOS;MH
184131;MH INFECCI흁 NO BACTERIANA;18;ENFERMEDADES INFECCIOSAS Y PARASITARIAS SIST텘ICAS O DE SITIOS NO ESPECIFICADOS;MH
184132;MH INFECCI흁 NO BACTERIANA W/CC;18;ENFERMEDADES INFECCIOSAS Y PARASITARIAS SIST텘ICAS O DE SITIOS NO ESPECIFICADOS;MH
184133;MH INFECCI흁 NO BACTERIANA W/MCC;18;ENFERMEDADES INFECCIOSAS Y PARASITARIAS SIST텘ICAS O DE SITIOS NO ESPECIFICADOS;MH
184141;MH OTRAS ENFERMEDADES BACTERIANAS O PARASITARIAS;18;ENFERMEDADES INFECCIOSAS Y PARASITARIAS SIST텘ICAS O DE SITIOS NO ESPECIFICADOS;MH
184142;MH OTRAS ENFERMEDADES BACTERIANAS O PARASITARIAS W/CC;18;ENFERMEDADES INFECCIOSAS Y PARASITARIAS SIST텘ICAS O DE SITIOS NO ESPECIFICADOS;MH
184143;MH OTRAS ENFERMEDADES BACTERIANAS O PARASITARIAS W/MCC;18;ENFERMEDADES INFECCIOSAS Y PARASITARIAS SIST텘ICAS O DE SITIOS NO ESPECIFICADOS;MH
184151;MH INFECCI흁 VIH;18;ENFERMEDADES INFECCIOSAS Y PARASITARIAS SIST텘ICAS O DE SITIOS NO ESPECIFICADOS;MH
184152;MH INFECCI흁 VIH W/CC;18;ENFERMEDADES INFECCIOSAS Y PARASITARIAS SIST텘ICAS O DE SITIOS NO ESPECIFICADOS;MH
184153;MH INFECCI흁 VIH W/MCC;18;ENFERMEDADES INFECCIOSAS Y PARASITARIAS SIST텘ICAS O DE SITIOS NO ESPECIFICADOS;MH
194101;MH ESQUIZOFRENIA;19;ENFERMEDADES Y TRASTORNOS MENTALES;MH
194102;MH ESQUIZOFRENIA W/CC;19;ENFERMEDADES Y TRASTORNOS MENTALES;MH
194103;MH ESQUIZOFRENIA W/MCC;19;ENFERMEDADES Y TRASTORNOS MENTALES;MH
194111;MH DEPRESI흁 MAYOR;19;ENFERMEDADES Y TRASTORNOS MENTALES;MH
194112;MH DEPRESI흁 MAYOR W/CC;19;ENFERMEDADES Y TRASTORNOS MENTALES;MH
194113;MH DEPRESI흁 MAYOR W/MCC;19;ENFERMEDADES Y TRASTORNOS MENTALES;MH
194121;MH TRASTORNOS DE LA PERSONALIDAD Y DEL CONTROL DE LOS IMPULSOS;19;ENFERMEDADES Y TRASTORNOS MENTALES;MH
194122;MH TRASTORNOS DE LA PERSONALIDAD Y DEL CONTROL DE LOS IMPULSOS W/CC;19;ENFERMEDADES Y TRASTORNOS MENTALES;MH
194123;MH TRASTORNOS DE LA PERSONALIDAD Y DEL CONTROL DE LOS IMPULSOS W/MCC;19;ENFERMEDADES Y TRASTORNOS MENTALES;MH
194131;MH TRASTORNO BIPOLAR;19;ENFERMEDADES Y TRASTORNOS MENTALES;MH
194132;MH TRASTORNO BIPOLAR W/CC;19;ENFERMEDADES Y TRASTORNOS MENTALES;MH
194133;MH TRASTORNO BIPOLAR W/MCC;19;ENFERMEDADES Y TRASTORNOS MENTALES;MH
194141;MH DEPRESI흁;19;ENFERMEDADES Y TRASTORNOS MENTALES;MH
194142;MH DEPRESI흁 W/CC;19;ENFERMEDADES Y TRASTORNOS MENTALES;MH
194143;MH DEPRESI흁 W/MCC;19;ENFERMEDADES Y TRASTORNOS MENTALES;MH
194151;MH NEUROSIS EXCEPTO DEPRESI흁;19;ENFERMEDADES Y TRASTORNOS MENTALES;MH
194152;MH NEUROSIS EXCEPTO DEPRESI흁 W/CC;19;ENFERMEDADES Y TRASTORNOS MENTALES;MH
194153;MH NEUROSIS EXCEPTO DEPRESI흁 W/MCC;19;ENFERMEDADES Y TRASTORNOS MENTALES;MH
194161;MH TRASTORNOS ORG쳁ICOS Y RETRASO MENTAL;19;ENFERMEDADES Y TRASTORNOS MENTALES;MH
194162;MH TRASTORNOS ORG쳁ICOS Y RETRASO MENTAL W/CC;19;ENFERMEDADES Y TRASTORNOS MENTALES;MH
194163;MH TRASTORNOS ORG쳁ICOS Y RETRASO MENTAL W/MCC;19;ENFERMEDADES Y TRASTORNOS MENTALES;MH
194171;MH TRASTORNOS MENTALES DE INICIO EN LA INFANCIA;19;ENFERMEDADES Y TRASTORNOS MENTALES;MH
194172;MH TRASTORNOS MENTALES DE INICIO EN LA INFANCIA W/CC;19;ENFERMEDADES Y TRASTORNOS MENTALES;MH
194173;MH TRASTORNOS MENTALES DE INICIO EN LA INFANCIA W/MCC;19;ENFERMEDADES Y TRASTORNOS MENTALES;MH
194181;MH TRASTORNO COMPULSIVO NUTRICIONAL;19;ENFERMEDADES Y TRASTORNOS MENTALES;MH
194182;MH TRASTORNO COMPULSIVO NUTRICIONAL W/CC;19;ENFERMEDADES Y TRASTORNOS MENTALES;MH
194183;MH TRASTORNO COMPULSIVO NUTRICIONAL W/MCC;19;ENFERMEDADES Y TRASTORNOS MENTALES;MH
194191;MH OTROS TRASTORNOS MENTALES;19;ENFERMEDADES Y TRASTORNOS MENTALES;MH
194192;MH OTROS TRASTORNOS MENTALES W/CC;19;ENFERMEDADES Y TRASTORNOS MENTALES;MH
194193;MH OTROS TRASTORNOS MENTALES W/MCC;19;ENFERMEDADES Y TRASTORNOS MENTALES;MH
201101;PH REHABILITACI흁 Y/O TERAPIA DE DESINTOXICACI흁 POR ALCOHOL Y DROGAS,;20;USO DE DROGAS/ALCOHOL Y TRASTORNOS MENTALES ORG쳁ICOS INDUCIDOS;PH
201102;PH REHABILITACI흁 Y/O TERAPIA DE DESINTOXICACI흁 POR ALCOHOL Y DROGAS, W/CC;20;USO DE DROGAS/ALCOHOL Y TRASTORNOS MENTALES ORG쳁ICOS INDUCIDOS;PH
204101;MH ABUSO Y DEPENDENCIA DROGAS Y ALCOHOL, ALTA VOLUNTARIA;20;USO DE DROGAS/ALCOHOL Y TRASTORNOS MENTALES ORG쳁ICOS INDUCIDOS;MH
204102;MH ABUSO Y DEPENDENCIA DROGAS Y ALCOHOL, ALTA VOLUNTARIA W/CC;20;USO DE DROGAS/ALCOHOL Y TRASTORNOS MENTALES ORG쳁ICOS INDUCIDOS;MH
204111;MH ABUSO Y DEPENDENCIA DE ALCOHOL, OPI첶EOS Y COCA펥A;20;USO DE DROGAS/ALCOHOL Y TRASTORNOS MENTALES ORG쳁ICOS INDUCIDOS;MH
204112;MH ABUSO Y DEPENDENCIA DE ALCOHOL, OPI첶EOS Y COCA펥A W/CC;20;USO DE DROGAS/ALCOHOL Y TRASTORNOS MENTALES ORG쳁ICOS INDUCIDOS;MH
204113;MH ABUSO Y DEPENDENCIA DE ALCOHOL, OPI첶EOS Y COCA펥A W/MCC;20;USO DE DROGAS/ALCOHOL Y TRASTORNOS MENTALES ORG쳁ICOS INDUCIDOS;MH
204121;MH ABUSO Y DEPENDENCIA DE OTRAS DROGAS;20;USO DE DROGAS/ALCOHOL Y TRASTORNOS MENTALES ORG쳁ICOS INDUCIDOS;MH
204122;MH ABUSO Y DEPENDENCIA DE OTRAS DROGAS W/CC;20;USO DE DROGAS/ALCOHOL Y TRASTORNOS MENTALES ORG쳁ICOS INDUCIDOS;MH
204123;MH ABUSO Y DEPENDENCIA DE OTRAS DROGAS W/MCC;20;USO DE DROGAS/ALCOHOL Y TRASTORNOS MENTALES ORG쳁ICOS INDUCIDOS;MH
214101;MH LESIONES DE M＜TIPLES SITIOS NO ESPECIFICADOS;21;LESIONES Y ENVENENAMIENTOS Y EFECTOS T흊ICOS DE FRMACOS;MH
214102;MH LESIONES DE M＜TIPLES SITIOS NO ESPECIFICADOS W/CC;21;LESIONES Y ENVENENAMIENTOS Y EFECTOS T흊ICOS DE FRMACOS;MH
214103;MH LESIONES DE M＜TIPLES SITIOS NO ESPECIFICADOS W/MCC;21;LESIONES Y ENVENENAMIENTOS Y EFECTOS T흊ICOS DE FRMACOS;MH
214111;MH REACCIONES ALRGICAS;21;LESIONES Y ENVENENAMIENTOS Y EFECTOS T흊ICOS DE FRMACOS;MH
214112;MH REACCIONES ALRGICAS W/CC;21;LESIONES Y ENVENENAMIENTOS Y EFECTOS T흊ICOS DE FRMACOS;MH
214113;MH REACCIONES ALRGICAS W/MCC;21;LESIONES Y ENVENENAMIENTOS Y EFECTOS T흊ICOS DE FRMACOS;MH
214121;MH ENVENENAMIENTO Y EFECTO T흊ICO DE DROGAS;21;LESIONES Y ENVENENAMIENTOS Y EFECTOS T흊ICOS DE FRMACOS;MH
214122;MH ENVENENAMIENTO Y EFECTO T흊ICO DE DROGAS W/CC;21;LESIONES Y ENVENENAMIENTOS Y EFECTOS T흊ICOS DE FRMACOS;MH
214123;MH ENVENENAMIENTO Y EFECTO T흊ICO DE DROGAS W/MCC;21;LESIONES Y ENVENENAMIENTOS Y EFECTOS T흊ICOS DE FRMACOS;MH
214131;MH COMPLICACIONES DE TRATAMIENTO;21;LESIONES Y ENVENENAMIENTOS Y EFECTOS T흊ICOS DE FRMACOS;MH
214132;MH COMPLICACIONES DE TRATAMIENTO W/CC;21;LESIONES Y ENVENENAMIENTOS Y EFECTOS T흊ICOS DE FRMACOS;MH
214133;MH COMPLICACIONES DE TRATAMIENTO W/MCC;21;LESIONES Y ENVENENAMIENTOS Y EFECTOS T흊ICOS DE FRMACOS;MH
214141;MH MALTRATO DE NI헲 O ADULTO;21;LESIONES Y ENVENENAMIENTOS Y EFECTOS T흊ICOS DE FRMACOS;MH
214151;MH QUEMADURAS DERIVADAS A OTROS HOSPITALES DE AGUDOS;21;LESIONES Y ENVENENAMIENTOS Y EFECTOS T흊ICOS DE FRMACOS;MH
214152;MH QUEMADURAS DERIVADAS A OTROS HOSPITALES DE AGUDOS W/CC;21;LESIONES Y ENVENENAMIENTOS Y EFECTOS T흊ICOS DE FRMACOS;MH
214153;MH QUEMADURAS DERIVADAS A OTROS HOSPITALES DE AGUDOS W/MCC;21;LESIONES Y ENVENENAMIENTOS Y EFECTOS T흊ICOS DE FRMACOS;MH
214161;MH QUEMADURAS;21;LESIONES Y ENVENENAMIENTOS Y EFECTOS T흊ICOS DE FRMACOS;MH
214162;MH QUEMADURAS W/CC;21;LESIONES Y ENVENENAMIENTOS Y EFECTOS T흊ICOS DE FRMACOS;MH
214163;MH QUEMADURAS W/MCC;21;LESIONES Y ENVENENAMIENTOS Y EFECTOS T흊ICOS DE FRMACOS;MH
214171;MH OTRAS DIAGN흅TICOS DE LESIONES, ENVENENAMIENTOS Y EFECTOS T흊ICOS;21;LESIONES Y ENVENENAMIENTOS Y EFECTOS T흊ICOS DE FRMACOS;MH
214172;MH OTRAS DIAGN흅TICOS DE LESIONES, ENVENENAMIENTOS Y EFECTOS T흊ICOS W/CC;21;LESIONES Y ENVENENAMIENTOS Y EFECTOS T흊ICOS DE FRMACOS;MH
214173;MH OTRAS DIAGN흅TICOS DE LESIONES, ENVENENAMIENTOS Y EFECTOS T흊ICOS W/MCC;21;LESIONES Y ENVENENAMIENTOS Y EFECTOS T흊ICOS DE FRMACOS;MH
224111;MH SIGNOS Y S펥TOMAS;22;QUEMADURAS;MH
224112;MH SIGNOS Y S펥TOMAS W/CC;22;QUEMADURAS;MH
224113;MH SIGNOS Y S펥TOMAS W/MCC;22;QUEMADURAS;MH
224121;MH OTROS FACTORES QUE INFLUYEN EN EL ESTADO DE SALUD;22;QUEMADURAS;MH
224122;MH OTROS FACTORES QUE INFLUYEN EN EL ESTADO DE SALUD W/CC;22;QUEMADURAS;MH
224123;MH OTROS FACTORES QUE INFLUYEN EN EL ESTADO DE SALUD W/MCC;22;QUEMADURAS;MH
